Total Players,51092,17/01/26 00:00:01
Germany,14734,17/01/26 02:00:01
UK,17124,17/01/26 01:00:01
USA,18486,17/01/25 17:00:01
Total Players,51025,17/01/26 00:02:01
Germany,14757,17/01/26 02:02:01
UK,17098,17/01/26 01:02:01
USA,18436,17/01/25 17:02:01
Total Players,50976,17/01/26 00:04:01
Germany,14736,17/01/26 02:04:01
UK,17084,17/01/26 01:04:01
USA,18387,17/01/25 17:04:01
Total Players,50947,17/01/26 00:06:01
Germany,14741,17/01/26 02:06:01
UK,17009,17/01/26 01:06:01
USA,18410,17/01/25 17:06:01
Total Players,50948,17/01/26 00:08:01
Germany,14770,17/01/26 02:08:01
UK,16940,17/01/26 01:08:01
USA,18470,17/01/25 17:08:01
Total Players,50858,17/01/26 00:10:01
Germany,14712,17/01/26 02:10:01
UK,16928,17/01/26 01:10:01
USA,18443,17/01/25 17:10:01
Total Players,50681,17/01/26 00:12:01
Germany,14648,17/01/26 02:12:01
UK,16866,17/01/26 01:12:01
USA,18387,17/01/25 17:12:01
Total Players,50625,17/01/26 00:14:01
Germany,14646,17/01/26 02:14:01
UK,16824,17/01/26 01:14:01
USA,18368,17/01/25 17:14:01
Total Players,50558,17/01/26 00:16:01
Germany,14555,17/01/26 02:16:01
UK,16840,17/01/26 01:16:01
USA,18409,17/01/25 17:16:01
Total Players,50644,17/01/26 00:18:01
Germany,14542,17/01/26 02:18:01
UK,16836,17/01/26 01:18:01
USA,18499,17/01/25 17:18:01
Total Players,50501,17/01/26 00:20:01
Germany,14504,17/01/26 02:20:01
UK,16718,17/01/26 01:20:01
USA,18527,17/01/25 17:20:01
Total Players,50467,17/01/26 00:22:01
Germany,14488,17/01/26 02:22:01
UK,16705,17/01/26 01:22:01
USA,18492,17/01/25 17:22:01
Total Players,50398,17/01/26 00:24:01
Germany,14410,17/01/26 02:24:01
UK,16659,17/01/26 01:24:01
USA,18540,17/01/25 17:24:01
Total Players,50436,17/01/26 00:26:01
Germany,14475,17/01/26 02:26:01
UK,16662,17/01/26 01:26:01
USA,18517,17/01/25 17:26:01
Total Players,50547,17/01/26 00:28:01
Germany,14398,17/01/26 02:28:01
UK,16709,17/01/26 01:28:01
USA,18697,17/01/25 17:28:01
Total Players,50658,17/01/26 00:30:01
Germany,14419,17/01/26 02:30:01
UK,16786,17/01/26 01:30:01
USA,18689,17/01/25 17:30:01
Total Players,50631,17/01/26 00:32:01
Germany,14427,17/01/26 02:32:01
UK,16696,17/01/26 01:32:01
USA,18763,17/01/25 17:32:01
Total Players,50635,17/01/26 00:34:01
Germany,14472,17/01/26 02:34:01
UK,16610,17/01/26 01:34:01
USA,18817,17/01/25 17:34:01
Total Players,50613,17/01/26 00:36:01
Germany,14438,17/01/26 02:36:01
UK,16582,17/01/26 01:36:01
USA,18858,17/01/25 17:36:01
Total Players,50621,17/01/26 00:38:01
Germany,14497,17/01/26 02:38:01
UK,16583,17/01/26 01:38:01
USA,18823,17/01/25 17:38:01
Total Players,50551,17/01/26 00:40:01
Germany,14442,17/01/26 02:40:01
UK,16565,17/01/26 01:40:01
USA,18815,17/01/25 17:40:01
Total Players,50522,17/01/26 00:42:01
Germany,14434,17/01/26 02:42:01
UK,16492,17/01/26 01:42:01
USA,18875,17/01/25 17:42:01
Total Players,50446,17/01/26 00:44:02
Germany,14436,17/01/26 02:44:02
UK,16441,17/01/26 01:44:02
USA,18845,17/01/25 17:44:02
Total Players,50420,17/01/26 00:46:01
Germany,14410,17/01/26 02:46:01
UK,16425,17/01/26 01:46:01
USA,18869,17/01/25 17:46:01
Total Players,50476,17/01/26 00:48:01
Germany,14485,17/01/26 02:48:01
UK,16421,17/01/26 01:48:01
USA,18847,17/01/25 17:48:01
Total Players,50383,17/01/26 00:50:01
Germany,14399,17/01/26 02:50:01
UK,16463,17/01/26 01:50:01
USA,18813,17/01/25 17:50:01
Total Players,50352,17/01/26 00:52:01
Germany,14435,17/01/26 02:52:01
UK,16410,17/01/26 01:52:01
USA,18776,17/01/25 17:52:01
Total Players,50311,17/01/26 00:54:01
Germany,14419,17/01/26 02:54:01
UK,16370,17/01/26 01:54:01
USA,19522,17/01/25 17:54:01
Total Players,50309,17/01/26 00:56:01
Germany,14520,17/01/26 02:56:01
UK,16265,17/01/26 01:56:01
USA,19524,17/01/25 17:56:01
Total Players,50281,17/01/26 00:58:01
Germany,14482,17/01/26 02:58:01
UK,16234,17/01/26 01:58:01
USA,19565,17/01/25 17:58:01
Total Players,50277,17/01/26 01:00:01
Germany,14427,17/01/26 03:00:01
UK,16166,17/01/26 02:00:01
USA,18949,17/01/25 18:00:01
Total Players,50134,17/01/26 01:02:01
Germany,14461,17/01/26 03:02:01
UK,16098,17/01/26 02:02:01
USA,18832,17/01/25 18:02:01
Total Players,50181,17/01/26 01:04:01
Germany,14419,17/01/26 03:04:01
UK,16095,17/01/26 02:04:01
USA,18905,17/01/25 18:04:01
Total Players,50166,17/01/26 01:06:01
Germany,14479,17/01/26 03:06:01
UK,16029,17/01/26 02:06:01
USA,18894,17/01/25 18:06:01
Total Players,50121,17/01/26 01:08:01
Germany,14392,17/01/26 03:08:01
UK,16056,17/01/26 02:08:01
USA,18900,17/01/25 18:08:01
Total Players,50050,17/01/26 01:10:01
Germany,14318,17/01/26 03:10:01
UK,16096,17/01/26 02:10:01
USA,18900,17/01/25 18:10:01
Total Players,50052,17/01/26 01:12:02
Germany,14327,17/01/26 03:12:02
UK,16090,17/01/26 02:12:02
USA,18881,17/01/25 18:12:02
Total Players,50111,17/01/26 01:14:01
Germany,14290,17/01/26 03:14:01
UK,16131,17/01/26 02:14:01
USA,18949,17/01/25 18:14:01
Total Players,50140,17/01/26 01:16:01
Germany,14249,17/01/26 03:16:01
UK,16112,17/01/26 02:16:01
USA,19049,17/01/25 18:16:01
Total Players,50151,17/01/26 01:18:01
Germany,14258,17/01/26 03:18:01
UK,16111,17/01/26 02:18:01
USA,19028,17/01/25 18:18:01
Total Players,50037,17/01/26 01:20:01
Germany,14212,17/01/26 03:20:01
UK,16058,17/01/26 02:20:01
USA,19025,17/01/25 18:20:01
Total Players,49989,17/01/26 01:22:01
Germany,14204,17/01/26 03:22:01
UK,16049,17/01/26 02:22:01
USA,18985,17/01/25 18:22:01
Total Players,49998,17/01/26 01:24:01
Germany,14145,17/01/26 03:24:01
UK,16076,17/01/26 02:24:01
USA,19060,17/01/25 18:24:01
Total Players,50031,17/01/26 01:26:01
Germany,14106,17/01/26 03:26:01
UK,16119,17/01/26 02:26:01
USA,19074,17/01/25 18:26:01
Total Players,50030,17/01/26 01:28:01
Germany,14149,17/01/26 03:28:01
UK,16097,17/01/26 02:28:01
USA,19062,17/01/25 18:28:01
Total Players,50094,17/01/26 01:30:01
Germany,14186,17/01/26 03:30:01
UK,16118,17/01/26 02:30:01
USA,19068,17/01/25 18:30:01
Total Players,50015,17/01/26 01:32:02
Germany,14127,17/01/26 03:32:02
UK,16126,17/01/26 02:32:02
USA,19045,17/01/25 18:32:02
Total Players,49951,17/01/26 01:34:01
Germany,14144,17/01/26 03:34:01
UK,16049,17/01/26 02:34:01
USA,19050,17/01/25 18:34:01
Total Players,49906,17/01/26 01:36:01
Germany,14121,17/01/26 03:36:01
UK,16022,17/01/26 02:36:01
USA,19048,17/01/25 18:36:01
Total Players,49955,17/01/26 01:38:01
Germany,14203,17/01/26 03:38:01
UK,16011,17/01/26 02:38:01
USA,19009,17/01/25 18:38:01
Total Players,49893,17/01/26 01:40:01
Germany,14212,17/01/26 03:40:01
UK,15900,17/01/26 02:40:01
USA,19056,17/01/25 18:40:01
Total Players,49913,17/01/26 01:42:01
Germany,14211,17/01/26 03:42:01
UK,15879,17/01/26 02:42:01
USA,19116,17/01/25 18:42:01
Total Players,49878,17/01/26 01:44:01
Germany,14206,17/01/26 03:44:01
UK,15895,17/01/26 02:44:01
USA,19078,17/01/25 18:44:01
Total Players,49815,17/01/26 01:46:01
Germany,14139,17/01/26 03:46:01
UK,15894,17/01/26 02:46:01
USA,19077,17/01/25 18:46:01
Total Players,49756,17/01/26 01:48:01
Germany,14138,17/01/26 03:48:01
UK,15827,17/01/26 02:48:01
USA,19103,17/01/25 18:48:01
Total Players,49706,17/01/26 01:50:01
Germany,14109,17/01/26 03:50:01
UK,15827,17/01/26 02:50:01
USA,19770,17/01/25 18:50:01
Total Players,49627,17/01/26 01:52:01
Germany,14047,17/01/26 03:52:01
UK,15767,17/01/26 02:52:01
USA,19100,17/01/25 18:52:01
Total Players,49521,17/01/26 01:54:01
Germany,14018,17/01/26 03:54:01
UK,15753,17/01/26 02:54:01
USA,19035,17/01/25 18:54:01
Total Players,49575,17/01/26 01:56:01
Germany,14000,17/01/26 03:56:01
UK,15778,17/01/26 02:56:01
USA,19095,17/01/25 18:56:01
Total Players,49460,17/01/26 01:58:01
Germany,14011,17/01/26 03:58:01
UK,15699,17/01/26 02:58:01
USA,19053,17/01/25 18:58:01
Total Players,49409,17/01/26 02:00:01
Germany,14006,17/01/26 04:00:01
UK,15662,17/01/26 03:00:01
USA,19056,17/01/25 19:00:01
Total Players,49323,17/01/26 02:02:01
Germany,13900,17/01/26 04:02:01
UK,15681,17/01/26 03:02:01
USA,19026,17/01/25 19:02:01
Total Players,49374,17/01/26 02:04:01
Germany,13969,17/01/26 04:04:01
UK,15588,17/01/26 03:04:01
USA,19080,17/01/25 19:04:01
Total Players,49394,17/01/26 02:06:01
Germany,13965,17/01/26 04:06:01
UK,15617,17/01/26 03:06:01
USA,19812,17/01/25 19:06:01
Total Players,49477,17/01/26 02:08:01
Germany,13997,17/01/26 04:08:01
UK,15575,17/01/26 03:08:01
USA,19174,17/01/25 19:08:01
Total Players,49448,17/01/26 02:10:01
Germany,13981,17/01/26 04:10:01
UK,15579,17/01/26 03:10:01
USA,19155,17/01/25 19:10:01
Total Players,49428,17/01/26 02:12:01
Germany,13936,17/01/26 04:12:01
UK,15572,17/01/26 03:12:01
USA,19184,17/01/25 19:12:01
Total Players,49440,17/01/26 02:14:01
Germany,13945,17/01/26 04:14:01
UK,15604,17/01/26 03:14:01
USA,19173,17/01/25 19:14:01
Total Players,49407,17/01/26 02:16:02
Germany,13884,17/01/26 04:16:02
UK,15590,17/01/26 03:16:02
USA,19233,17/01/25 19:16:02
Total Players,49328,17/01/26 02:18:01
Germany,13819,17/01/26 04:18:01
UK,15514,17/01/26 03:18:01
USA,19300,17/01/25 19:18:01
Total Players,49231,17/01/26 02:20:01
Germany,13749,17/01/26 04:20:01
UK,15529,17/01/26 03:20:01
USA,19270,17/01/25 19:20:01
Total Players,49350,17/01/26 02:22:01
Germany,13862,17/01/26 04:22:01
UK,15505,17/01/26 03:22:01
USA,19290,17/01/25 19:22:01
Total Players,49340,17/01/26 02:24:01
Germany,13860,17/01/26 04:24:01
UK,15464,17/01/26 03:24:01
USA,19331,17/01/25 19:24:01
Total Players,49263,17/01/26 02:26:01
Germany,13889,17/01/26 04:26:01
UK,15408,17/01/26 03:26:01
USA,19285,17/01/25 19:26:01
Total Players,49309,17/01/26 02:28:01
Germany,13917,17/01/26 04:28:01
UK,15450,17/01/26 03:28:01
USA,19267,17/01/25 19:28:01
Total Players,49278,17/01/26 02:30:01
Germany,13873,17/01/26 04:30:01
UK,15423,17/01/26 03:30:01
USA,19296,17/01/25 19:30:01
Total Players,49327,17/01/26 02:32:01
Germany,13909,17/01/26 04:32:01
UK,15463,17/01/26 03:32:01
USA,19263,17/01/25 19:32:01
Total Players,49408,17/01/26 02:34:01
Germany,13975,17/01/26 04:34:01
UK,15412,17/01/26 03:34:01
USA,19352,17/01/25 19:34:01
Total Players,49380,17/01/26 02:36:01
Germany,14025,17/01/26 04:36:01
UK,15343,17/01/26 03:36:01
USA,19355,17/01/25 19:36:01
Total Players,49356,17/01/26 02:38:01
Germany,14005,17/01/26 04:38:01
UK,15360,17/01/26 03:38:01
USA,19318,17/01/25 19:38:01
Total Players,49365,17/01/26 02:40:02
Germany,13987,17/01/26 04:40:02
UK,15362,17/01/26 03:40:02
USA,19364,17/01/25 19:40:02
Total Players,49318,17/01/26 02:42:01
Germany,13985,17/01/26 04:42:01
UK,15378,17/01/26 03:42:01
USA,19956,17/01/25 19:42:01
Total Players,49349,17/01/26 02:44:01
Germany,13967,17/01/26 04:44:01
UK,15381,17/01/26 03:44:01
USA,19334,17/01/25 19:44:01
Total Players,49250,17/01/26 02:46:01
Germany,13931,17/01/26 04:46:01
UK,15315,17/01/26 03:46:01
USA,19334,17/01/25 19:46:01
Total Players,49186,17/01/26 02:48:01
Germany,13903,17/01/26 04:48:01
UK,15291,17/01/26 03:48:01
USA,19342,17/01/25 19:48:01
Total Players,48980,17/01/26 02:50:01
Germany,13884,17/01/26 04:50:01
UK,15127,17/01/26 03:50:01
USA,19308,17/01/25 19:50:01
Total Players,48876,17/01/26 02:52:01
Germany,13861,17/01/26 04:52:01
UK,15101,17/01/26 03:52:01
USA,19279,17/01/25 19:52:01
Total Players,48716,17/01/26 02:54:01
Germany,13825,17/01/26 04:54:01
UK,14978,17/01/26 03:54:01
USA,19913,17/01/25 19:54:01
Total Players,48629,17/01/26 02:56:01
Germany,13797,17/01/26 04:56:01
UK,14958,17/01/26 03:56:01
USA,19874,17/01/25 19:56:01
Total Players,48595,17/01/26 02:58:01
Germany,13800,17/01/26 04:58:01
UK,14951,17/01/26 03:58:01
USA,19844,17/01/25 19:58:01
Total Players,48558,17/01/26 03:00:01
Germany,13755,17/01/26 05:00:01
UK,14968,17/01/26 04:00:01
USA,19835,17/01/25 20:00:01
Total Players,48562,17/01/26 03:02:01
Germany,13669,17/01/26 05:02:01
UK,15016,17/01/26 04:02:01
USA,19188,17/01/25 20:02:01
Total Players,48562,17/01/26 03:04:01
Germany,13779,17/01/26 05:04:01
UK,14956,17/01/26 04:04:01
USA,19151,17/01/25 20:04:01
Total Players,48413,17/01/26 03:06:01
Germany,13688,17/01/26 05:06:01
UK,14925,17/01/26 04:06:01
USA,19800,17/01/25 20:06:01
Total Players,48317,17/01/26 03:08:01
Germany,13653,17/01/26 05:08:01
UK,14919,17/01/26 04:08:01
USA,19745,17/01/25 20:08:01
Total Players,48296,17/01/26 03:10:01
Germany,13675,17/01/26 05:10:01
UK,14869,17/01/26 04:10:01
USA,19062,17/01/25 20:10:01
Total Players,48266,17/01/26 03:12:01
Germany,13627,17/01/26 05:12:01
UK,14890,17/01/26 04:12:01
USA,19071,17/01/25 20:12:01
Total Players,48196,17/01/26 03:14:01
Germany,13602,17/01/26 05:14:01
UK,14901,17/01/26 04:14:01
USA,19002,17/01/25 20:14:01
Total Players,48151,17/01/26 03:16:01
Germany,13551,17/01/26 05:16:01
UK,14871,17/01/26 04:16:01
USA,19020,17/01/25 20:16:01
Total Players,48041,17/01/26 03:18:01
Germany,13442,17/01/26 05:18:01
UK,14852,17/01/26 04:18:01
USA,19029,17/01/25 20:18:01
Total Players,47892,17/01/26 03:20:01
Germany,13452,17/01/26 05:20:01
UK,14789,17/01/26 04:20:01
USA,18954,17/01/25 20:20:01
Total Players,47911,17/01/26 03:22:01
Germany,13515,17/01/26 05:22:01
UK,14815,17/01/26 04:22:01
USA,19581,17/01/25 20:22:01
Total Players,47873,17/01/26 03:24:01
Germany,13485,17/01/26 05:24:01
UK,14795,17/01/26 04:24:01
USA,19593,17/01/25 20:24:01
Total Players,47885,17/01/26 03:26:01
Germany,13483,17/01/26 05:26:01
UK,14868,17/01/26 04:26:01
USA,18839,17/01/25 20:26:01
Total Players,47838,17/01/26 03:28:01
Germany,13521,17/01/26 05:28:01
UK,14848,17/01/26 04:28:01
USA,18768,17/01/25 20:28:01
Total Players,47794,17/01/26 03:30:01
Germany,13443,17/01/26 05:30:01
UK,14854,17/01/26 04:30:01
USA,18789,17/01/25 20:30:01
Total Players,47802,17/01/26 03:32:02
Germany,13454,17/01/26 05:32:02
UK,14823,17/01/26 04:32:02
USA,18828,17/01/25 20:32:02
Total Players,47664,17/01/26 03:34:01
Germany,13398,17/01/26 05:34:01
UK,14752,17/01/26 04:34:01
USA,18829,17/01/25 20:34:01
Total Players,47604,17/01/26 03:36:01
Germany,13346,17/01/26 05:36:01
UK,14808,17/01/26 04:36:01
USA,18763,17/01/25 20:36:01
Total Players,47660,17/01/26 03:38:01
Germany,13359,17/01/26 05:38:01
UK,14844,17/01/26 04:38:01
USA,18772,17/01/25 20:38:01
Total Players,47596,17/01/26 03:40:01
Germany,13333,17/01/26 05:40:01
UK,14812,17/01/26 04:40:01
USA,18787,17/01/25 20:40:01
Total Players,47545,17/01/26 03:42:01
Germany,13367,17/01/26 05:42:01
UK,14787,17/01/26 04:42:01
USA,18733,17/01/25 20:42:01
Total Players,47368,17/01/26 03:44:01
Germany,13356,17/01/26 05:44:01
UK,14695,17/01/26 04:44:01
USA,19317,17/01/25 20:44:01
Total Players,47298,17/01/26 03:46:01
Germany,13316,17/01/26 05:46:01
UK,14707,17/01/26 04:46:01
USA,19275,17/01/25 20:46:01
Total Players,47199,17/01/26 03:48:01
Germany,13245,17/01/26 05:48:01
UK,14707,17/01/26 04:48:01
USA,18554,17/01/25 20:48:01
Total Players,47017,17/01/26 03:50:01
Germany,13240,17/01/26 05:50:01
UK,14610,17/01/26 04:50:01
USA,18480,17/01/25 20:50:01
Total Players,46721,17/01/26 03:52:01
Germany,13067,17/01/26 05:52:01
UK,14536,17/01/26 04:52:01
USA,18416,17/01/25 20:52:01
Total Players,46654,17/01/26 03:54:01
Germany,13056,17/01/26 05:54:01
UK,14496,17/01/26 04:54:01
USA,18401,17/01/25 20:54:01
Total Players,46675,17/01/26 03:56:01
Germany,13225,17/01/26 05:56:01
UK,14430,17/01/26 04:56:01
USA,18281,17/01/25 20:56:01
Total Players,46590,17/01/26 03:58:01
Germany,13221,17/01/26 05:58:01
UK,14344,17/01/26 04:58:01
USA,18305,17/01/25 20:58:01
Total Players,46526,17/01/26 04:00:01
Germany,13167,17/01/26 06:00:01
UK,14306,17/01/26 05:00:01
USA,19053,17/01/25 21:00:01
Total Players,46364,17/01/26 04:02:01
Germany,13141,17/01/26 06:02:01
UK,14275,17/01/26 05:02:01
USA,18948,17/01/25 21:02:01
Total Players,46275,17/01/26 04:04:01
Germany,13127,17/01/26 06:04:01
UK,14227,17/01/26 05:04:01
USA,18921,17/01/25 21:04:01
Total Players,46144,17/01/26 04:06:01
Germany,13074,17/01/26 06:06:01
UK,14154,17/01/26 05:06:01
USA,18916,17/01/25 21:06:01
Total Players,46020,17/01/26 04:08:01
Germany,13051,17/01/26 06:08:01
UK,14127,17/01/26 05:08:01
USA,18842,17/01/25 21:08:01
Total Players,45979,17/01/26 04:10:01
Germany,13042,17/01/26 06:10:01
UK,14132,17/01/26 05:10:01
USA,18079,17/01/25 21:10:01
Total Players,45922,17/01/26 04:12:01
Germany,13032,17/01/26 06:12:01
UK,14062,17/01/26 05:12:01
USA,18106,17/01/25 21:12:01
Total Players,45795,17/01/26 04:14:01
Germany,13019,17/01/26 06:14:01
UK,14038,17/01/26 05:14:01
USA,18737,17/01/25 21:14:01
Total Players,45669,17/01/26 04:16:02
Germany,12988,17/01/26 06:16:02
UK,13945,17/01/26 05:16:02
USA,18014,17/01/25 21:16:02
Total Players,45345,17/01/26 04:18:01
Germany,12829,17/01/26 06:18:01
UK,13874,17/01/26 05:18:01
USA,18642,17/01/25 21:18:01
Total Players,45300,17/01/26 04:20:01
Germany,12827,17/01/26 06:20:01
UK,13855,17/01/26 05:20:01
USA,18618,17/01/25 21:20:01
Total Players,45159,17/01/26 04:22:01
Germany,12809,17/01/26 06:22:01
UK,13812,17/01/26 05:22:01
USA,18538,17/01/25 21:22:01
Total Players,44992,17/01/26 04:24:01
Germany,12788,17/01/26 06:24:01
UK,13746,17/01/26 05:24:01
USA,18458,17/01/25 21:24:01
Total Players,44973,17/01/26 04:26:01
Germany,12766,17/01/26 06:26:01
UK,13735,17/01/26 05:26:01
USA,18472,17/01/25 21:26:01
Total Players,44947,17/01/26 04:28:01
Germany,12763,17/01/26 06:28:01
UK,13713,17/01/26 05:28:01
USA,18471,17/01/25 21:28:01
Total Players,44802,17/01/26 04:30:01
Germany,12719,17/01/26 06:30:01
UK,13696,17/01/26 05:30:01
USA,18393,17/01/25 21:30:01
Total Players,44671,17/01/26 04:32:01
Germany,12693,17/01/26 06:32:01
UK,13720,17/01/26 05:32:01
USA,18258,17/01/25 21:32:01
Total Players,44458,17/01/26 04:34:01
Germany,12610,17/01/26 06:34:01
UK,13609,17/01/26 05:34:01
USA,18239,17/01/25 21:34:01
Total Players,44331,17/01/26 04:36:01
Germany,12573,17/01/26 06:36:01
UK,13546,17/01/26 05:36:01
USA,18212,17/01/25 21:36:01
Total Players,44177,17/01/26 04:38:01
Germany,12582,17/01/26 06:38:01
UK,13558,17/01/26 05:38:01
USA,18037,17/01/25 21:38:01
Total Players,44112,17/01/26 04:40:01
Germany,12516,17/01/26 06:40:01
UK,13571,17/01/26 05:40:01
USA,18025,17/01/25 21:40:01
Total Players,44042,17/01/26 04:42:01
Germany,12470,17/01/26 06:42:01
UK,13599,17/01/26 05:42:01
USA,17973,17/01/25 21:42:01
Total Players,43862,17/01/26 04:44:01
Germany,12416,17/01/26 06:44:01
UK,13547,17/01/26 05:44:01
USA,17899,17/01/25 21:44:01
Total Players,43673,17/01/26 04:46:01
Germany,12434,17/01/26 06:46:01
UK,13462,17/01/26 05:46:01
USA,17777,17/01/25 21:46:01
Total Players,43541,17/01/26 04:48:01
Germany,12402,17/01/26 06:48:01
UK,13450,17/01/26 05:48:01
USA,17689,17/01/25 21:48:01
Total Players,43302,17/01/26 04:50:01
Germany,12232,17/01/26 06:50:01
UK,13443,17/01/26 05:50:01
USA,17628,17/01/25 21:50:01
Total Players,43021,17/01/26 04:52:01
Germany,12182,17/01/26 06:52:01
UK,13374,17/01/26 05:52:01
USA,17465,17/01/25 21:52:01
Total Players,42785,17/01/26 04:54:01
Germany,12198,17/01/26 06:54:01
UK,13321,17/01/26 05:54:01
USA,17266,17/01/25 21:54:01
Total Players,42673,17/01/26 04:56:01
Germany,12172,17/01/26 06:56:01
UK,13267,17/01/26 05:56:01
USA,17234,17/01/25 21:56:01
Total Players,42523,17/01/26 04:58:01
Germany,12187,17/01/26 06:58:01
UK,13277,17/01/26 05:58:01
USA,17062,17/01/25 21:58:01
Total Players,42367,17/01/26 05:00:01
Germany,12094,17/01/26 07:00:01
UK,13211,17/01/26 06:00:01
USA,17062,17/01/25 22:00:01
Total Players,42209,17/01/26 05:02:01
Germany,12040,17/01/26 07:02:01
UK,13202,17/01/26 06:02:01
USA,16967,17/01/25 22:02:01
Total Players,42047,17/01/26 05:04:01
Germany,12022,17/01/26 07:04:01
UK,13130,17/01/26 06:04:01
USA,16895,17/01/25 22:04:01
Total Players,41889,17/01/26 05:06:01
Germany,11942,17/01/26 07:06:01
UK,13078,17/01/26 06:06:01
USA,16869,17/01/25 22:06:01
Total Players,41828,17/01/26 05:08:02
Germany,11935,17/01/26 07:08:02
UK,13067,17/01/26 06:08:02
USA,16826,17/01/25 22:08:02
Total Players,41592,17/01/26 05:10:01
Germany,11905,17/01/26 07:10:01
UK,13025,17/01/26 06:10:01
USA,16662,17/01/25 22:10:01
Total Players,41505,17/01/26 05:12:01
Germany,11843,17/01/26 07:12:01
UK,13037,17/01/26 06:12:01
USA,16625,17/01/25 22:12:01
Total Players,41274,17/01/26 05:14:01
Germany,11821,17/01/26 07:14:01
UK,12944,17/01/26 06:14:01
USA,16509,17/01/25 22:14:01
Total Players,41134,17/01/26 05:16:01
Germany,11800,17/01/26 07:16:01
UK,12869,17/01/26 06:16:01
USA,16465,17/01/25 22:16:01
Total Players,40972,17/01/26 05:18:01
Germany,11745,17/01/26 07:18:01
UK,12807,17/01/26 06:18:01
USA,16420,17/01/25 22:18:01
Total Players,40827,17/01/26 05:20:01
Germany,11673,17/01/26 07:20:01
UK,12799,17/01/26 06:20:01
USA,16355,17/01/25 22:20:01
Total Players,40692,17/01/26 05:22:01
Germany,11632,17/01/26 07:22:01
UK,12764,17/01/26 06:22:01
USA,16296,17/01/25 22:22:01
Total Players,40646,17/01/26 05:24:01
Germany,11560,17/01/26 07:24:01
UK,12758,17/01/26 06:24:01
USA,16328,17/01/25 22:24:01
Total Players,40354,17/01/26 05:26:01
Germany,11449,17/01/26 07:26:01
UK,12677,17/01/26 06:26:01
USA,16228,17/01/25 22:26:01
Total Players,40334,17/01/26 05:28:01
Germany,11590,17/01/26 07:28:01
UK,12632,17/01/26 06:28:01
USA,16112,17/01/25 22:28:01
Total Players,40197,17/01/26 05:30:01
Germany,11512,17/01/26 07:30:01
UK,12591,17/01/26 06:30:01
USA,16094,17/01/25 22:30:01
Total Players,39985,17/01/26 05:32:01
Germany,11453,17/01/26 07:32:01
UK,12573,17/01/26 06:32:01
USA,15955,17/01/25 22:32:01
Total Players,39882,17/01/26 05:34:02
Germany,11395,17/01/26 07:34:02
UK,12518,17/01/26 06:34:02
USA,15966,17/01/25 22:34:02
Total Players,39721,17/01/26 05:36:01
Germany,11339,17/01/26 07:36:01
UK,12499,17/01/26 06:36:01
USA,15883,17/01/25 22:36:01
Total Players,39613,17/01/26 05:38:01
Germany,11302,17/01/26 07:38:01
UK,12456,17/01/26 06:38:01
USA,15855,17/01/25 22:38:01
Total Players,39408,17/01/26 05:40:01
Germany,11242,17/01/26 07:40:01
UK,12346,17/01/26 06:40:01
USA,15820,17/01/25 22:40:01
Total Players,39231,17/01/26 05:42:01
Germany,11219,17/01/26 07:42:01
UK,12329,17/01/26 06:42:01
USA,15683,17/01/25 22:42:01
Total Players,39150,17/01/26 05:44:01
Germany,11185,17/01/26 07:44:01
UK,12287,17/01/26 06:44:01
USA,15678,17/01/25 22:44:01
Total Players,38943,17/01/26 05:46:01
Germany,11142,17/01/26 07:46:01
UK,12243,17/01/26 06:46:01
USA,15558,17/01/25 22:46:01
Total Players,38814,17/01/26 05:48:01
Germany,11067,17/01/26 07:48:01
UK,12271,17/01/26 06:48:01
USA,15479,17/01/25 22:48:01
Total Players,38636,17/01/26 05:50:01
Germany,11072,17/01/26 07:50:01
UK,12185,17/01/26 06:50:01
USA,15379,17/01/25 22:50:01
Total Players,38472,17/01/26 05:52:01
Germany,11010,17/01/26 07:52:01
UK,12123,17/01/26 06:52:01
USA,15339,17/01/25 22:52:01
Total Players,38366,17/01/26 05:54:01
Germany,10960,17/01/26 07:54:01
UK,12096,17/01/26 06:54:01
USA,15310,17/01/25 22:54:01
Total Players,38061,17/01/26 05:56:01
Germany,10913,17/01/26 07:56:01
UK,11980,17/01/26 06:56:01
USA,15168,17/01/25 22:56:01
Total Players,37879,17/01/26 05:58:01
Germany,10845,17/01/26 07:58:01
UK,11887,17/01/26 06:58:01
USA,15146,17/01/25 22:58:01
Total Players,37746,17/01/26 06:00:01
Germany,10811,17/01/26 08:00:01
UK,11839,17/01/26 07:00:01
USA,15096,17/01/25 23:00:01
Total Players,37518,17/01/26 06:02:01
Germany,10725,17/01/26 08:02:01
UK,11823,17/01/26 07:02:01
USA,14970,17/01/25 23:02:01
Total Players,37357,17/01/26 06:04:01
Germany,10711,17/01/26 08:04:01
UK,11745,17/01/26 07:04:01
USA,14901,17/01/25 23:04:01
Total Players,37195,17/01/26 06:06:01
Germany,10680,17/01/26 08:06:01
UK,11692,17/01/26 07:06:01
USA,14823,17/01/25 23:06:01
Total Players,37091,17/01/26 06:08:01
Germany,10686,17/01/26 08:08:01
UK,11656,17/01/26 07:08:01
USA,14749,17/01/25 23:08:01
Total Players,36939,17/01/26 06:10:01
Germany,10591,17/01/26 08:10:01
UK,11661,17/01/26 07:10:01
USA,14687,17/01/25 23:10:01
Total Players,36895,17/01/26 06:12:01
Germany,10666,17/01/26 08:12:01
UK,11600,17/01/26 07:12:01
USA,14629,17/01/25 23:12:01
Total Players,36765,17/01/26 06:14:01
Germany,10635,17/01/26 08:14:01
UK,11582,17/01/26 07:14:01
USA,14548,17/01/25 23:14:01
Total Players,36554,17/01/26 06:16:01
Germany,10523,17/01/26 08:16:01
UK,11587,17/01/26 07:16:01
USA,14444,17/01/25 23:16:01
Total Players,36347,17/01/26 06:18:01
Germany,10478,17/01/26 08:18:01
UK,11526,17/01/26 07:18:01
USA,14343,17/01/25 23:18:01
Total Players,36171,17/01/26 06:20:01
Germany,10424,17/01/26 08:20:01
UK,11446,17/01/26 07:20:01
USA,14301,17/01/25 23:20:01
Total Players,36005,17/01/26 06:22:01
Germany,10322,17/01/26 08:22:01
UK,11370,17/01/26 07:22:01
USA,14313,17/01/25 23:22:01
Total Players,35864,17/01/26 06:24:01
Germany,10328,17/01/26 08:24:01
UK,11381,17/01/26 07:24:01
USA,14155,17/01/25 23:24:01
Total Players,35639,17/01/26 06:26:01
Germany,10257,17/01/26 08:26:01
UK,11356,17/01/26 07:26:01
USA,14026,17/01/25 23:26:01
Total Players,35578,17/01/26 06:28:01
Germany,10279,17/01/26 08:28:01
UK,11340,17/01/26 07:28:01
USA,13964,17/01/25 23:28:01
Total Players,35505,17/01/26 06:30:01
Germany,10201,17/01/26 08:30:01
UK,11339,17/01/26 07:30:01
USA,13965,17/01/25 23:30:01
Total Players,35395,17/01/26 06:32:01
Germany,10172,17/01/26 08:32:01
UK,11296,17/01/26 07:32:01
USA,13927,17/01/25 23:32:01
Total Players,35273,17/01/26 06:34:01
Germany,10179,17/01/26 08:34:01
UK,11232,17/01/26 07:34:01
USA,13862,17/01/25 23:34:01
Total Players,35174,17/01/26 06:36:01
Germany,10161,17/01/26 08:36:01
UK,11221,17/01/26 07:36:01
USA,13792,17/01/25 23:36:01
Total Players,34984,17/01/26 06:38:01
Germany,10089,17/01/26 08:38:01
UK,11158,17/01/26 07:38:01
USA,13737,17/01/25 23:38:01
Total Players,34817,17/01/26 06:40:01
Germany,10076,17/01/26 08:40:01
UK,11083,17/01/26 07:40:01
USA,13658,17/01/25 23:40:01
Total Players,34661,17/01/26 06:42:01
Germany,10069,17/01/26 08:42:01
UK,11051,17/01/26 07:42:01
USA,13541,17/01/25 23:42:01
Total Players,34492,17/01/26 06:44:01
Germany,9984,17/01/26 08:44:01
UK,10988,17/01/26 07:44:01
USA,13519,17/01/25 23:44:01
Total Players,34356,17/01/26 06:46:01
Germany,9989,17/01/26 08:46:01
UK,10951,17/01/26 07:46:01
USA,13416,17/01/25 23:46:01
Total Players,34242,17/01/26 06:48:02
Germany,9972,17/01/26 08:48:02
UK,10917,17/01/26 07:48:02
USA,13353,17/01/25 23:48:02
Total Players,34004,17/01/26 06:50:01
Germany,9904,17/01/26 08:50:01
UK,10844,17/01/26 07:50:01
USA,13256,17/01/25 23:50:01
Total Players,33827,17/01/26 06:52:01
Germany,9884,17/01/26 08:52:01
UK,10810,17/01/26 07:52:01
USA,13133,17/01/25 23:52:01
Total Players,33832,17/01/26 06:54:01
Germany,9881,17/01/26 08:54:01
UK,10842,17/01/26 07:54:01
USA,13109,17/01/25 23:54:01
Total Players,33615,17/01/26 06:56:01
Germany,9784,17/01/26 08:56:01
UK,10777,17/01/26 07:56:01
USA,13055,17/01/25 23:56:01
Total Players,33446,17/01/26 06:58:01
Germany,9789,17/01/26 08:58:01
UK,10774,17/01/26 07:58:01
USA,12883,17/01/25 23:58:01
Total Players,33405,17/01/26 07:00:01
Germany,9767,17/01/26 09:00:01
UK,10761,17/01/26 08:00:01
USA,12877,17/01/26 00:00:01
Total Players,33299,17/01/26 07:02:01
Germany,9741,17/01/26 09:02:01
UK,10682,17/01/26 08:02:01
USA,12876,17/01/26 00:02:01
Total Players,33099,17/01/26 07:04:01
Germany,9663,17/01/26 09:04:01
UK,10617,17/01/26 08:04:01
USA,12819,17/01/26 00:04:01
Total Players,33068,17/01/26 07:06:01
Germany,9648,17/01/26 09:06:01
UK,10634,17/01/26 08:06:01
USA,12786,17/01/26 00:06:01
Total Players,33002,17/01/26 07:08:01
Germany,9631,17/01/26 09:08:01
UK,10674,17/01/26 08:08:01
USA,12697,17/01/26 00:08:01
Total Players,32873,17/01/26 07:10:01
Germany,9620,17/01/26 09:10:01
UK,10609,17/01/26 08:10:01
USA,12644,17/01/26 00:10:01
Total Players,32680,17/01/26 07:12:01
Germany,9528,17/01/26 09:12:01
UK,10563,17/01/26 08:12:01
USA,12589,17/01/26 00:12:01
Total Players,32598,17/01/26 07:14:01
Germany,9513,17/01/26 09:14:01
UK,10519,17/01/26 08:14:01
USA,12566,17/01/26 00:14:01
Total Players,32492,17/01/26 07:16:02
Germany,9496,17/01/26 09:16:02
UK,10485,17/01/26 08:16:02
USA,12514,17/01/26 00:16:02
Total Players,32433,17/01/26 07:18:01
Germany,9461,17/01/26 09:18:01
UK,10483,17/01/26 08:18:01
USA,12489,17/01/26 00:18:01
Total Players,32336,17/01/26 07:20:01
Germany,9443,17/01/26 09:20:01
UK,10448,17/01/26 08:20:01
USA,12445,17/01/26 00:20:01
Total Players,32218,17/01/26 07:22:01
Germany,9393,17/01/26 09:22:01
UK,10421,17/01/26 08:22:01
USA,12404,17/01/26 00:22:01
Total Players,32128,17/01/26 07:24:01
Germany,9397,17/01/26 09:24:01
UK,10429,17/01/26 08:24:01
USA,12302,17/01/26 00:24:01
Total Players,31968,17/01/26 07:26:01
Germany,9360,17/01/26 09:26:01
UK,10335,17/01/26 08:26:01
USA,12273,17/01/26 00:26:01
Total Players,31907,17/01/26 07:28:01
Germany,9335,17/01/26 09:28:01
UK,10356,17/01/26 08:28:01
USA,12216,17/01/26 00:28:01
Total Players,31775,17/01/26 07:30:02
Germany,9346,17/01/26 09:30:02
UK,10318,17/01/26 08:30:02
USA,12111,17/01/26 00:30:02
Total Players,31622,17/01/26 07:32:01
Germany,9316,17/01/26 09:32:01
UK,10277,17/01/26 08:32:01
USA,12029,17/01/26 00:32:01
Total Players,30974,17/01/26 07:34:01
Germany,9184,17/01/26 09:34:01
UK,10014,17/01/26 08:34:01
USA,11776,17/01/26 00:34:01
Total Players,30649,17/01/26 07:36:01
Germany,9041,17/01/26 09:36:01
UK,9922,17/01/26 08:36:01
USA,11686,17/01/26 00:36:01
Total Players,30645,17/01/26 07:38:01
Germany,9091,17/01/26 09:38:01
UK,9880,17/01/26 08:38:01
USA,11674,17/01/26 00:38:01
Total Players,30630,17/01/26 07:40:01
Germany,9109,17/01/26 09:40:01
UK,9860,17/01/26 08:40:01
USA,11661,17/01/26 00:40:01
Total Players,30582,17/01/26 07:42:01
Germany,9124,17/01/26 09:42:01
UK,9862,17/01/26 08:42:01
USA,11596,17/01/26 00:42:01
Total Players,30574,17/01/26 07:44:01
Germany,9090,17/01/26 09:44:01
UK,9879,17/01/26 08:44:01
USA,11609,17/01/26 00:44:01
Total Players,30435,17/01/26 07:46:01
Germany,9068,17/01/26 09:46:01
UK,9910,17/01/26 08:46:01
USA,11457,17/01/26 00:46:01
Total Players,30381,17/01/26 07:48:01
Germany,9061,17/01/26 09:48:01
UK,9920,17/01/26 08:48:01
USA,11400,17/01/26 00:48:01
Total Players,30210,17/01/26 07:50:01
Germany,9015,17/01/26 09:50:01
UK,9871,17/01/26 08:50:01
USA,11324,17/01/26 00:50:01
Total Players,30022,17/01/26 07:52:01
Germany,8935,17/01/26 09:52:01
UK,9805,17/01/26 08:52:01
USA,11282,17/01/26 00:52:01
Total Players,30015,17/01/26 07:54:01
Germany,8923,17/01/26 09:54:01
UK,9841,17/01/26 08:54:01
USA,11251,17/01/26 00:54:01
Total Players,30027,17/01/26 07:56:01
Germany,8918,17/01/26 09:56:01
UK,9872,17/01/26 08:56:01
USA,11237,17/01/26 00:56:01
Total Players,29951,17/01/26 07:58:01
Germany,8875,17/01/26 09:58:01
UK,9855,17/01/26 08:58:01
USA,11221,17/01/26 00:58:01
Total Players,29934,17/01/26 08:00:01
Germany,8896,17/01/26 10:00:01
UK,9821,17/01/26 09:00:01
USA,11217,17/01/26 01:00:01
Total Players,29875,17/01/26 08:02:01
Germany,8891,17/01/26 10:02:01
UK,9762,17/01/26 09:02:01
USA,11222,17/01/26 01:02:01
Total Players,29781,17/01/26 08:04:01
Germany,8885,17/01/26 10:04:01
UK,9759,17/01/26 09:04:01
USA,11137,17/01/26 01:04:01
Total Players,29802,17/01/26 08:06:01
Germany,8893,17/01/26 10:06:01
UK,9783,17/01/26 09:06:01
USA,11126,17/01/26 01:06:01
Total Players,29505,17/01/26 08:08:01
Germany,8859,17/01/26 10:08:01
UK,9655,17/01/26 09:08:01
USA,10991,17/01/26 01:08:01
Total Players,29469,17/01/26 08:10:01
Germany,8859,17/01/26 10:10:01
UK,9601,17/01/26 09:10:01
USA,11009,17/01/26 01:10:01
Total Players,29380,17/01/26 08:12:01
Germany,8880,17/01/26 10:12:01
UK,9578,17/01/26 09:12:01
USA,10922,17/01/26 01:12:01
Total Players,29250,17/01/26 08:14:01
Germany,8862,17/01/26 10:14:01
UK,9564,17/01/26 09:14:01
USA,10824,17/01/26 01:14:01
Total Players,29225,17/01/26 08:16:01
Germany,8860,17/01/26 10:16:01
UK,9575,17/01/26 09:16:01
USA,10789,17/01/26 01:16:01
Total Players,29182,17/01/26 08:18:01
Germany,8911,17/01/26 10:18:01
UK,9539,17/01/26 09:18:01
USA,10732,17/01/26 01:18:01
Total Players,29009,17/01/26 08:20:01
Germany,8801,17/01/26 10:20:01
UK,9495,17/01/26 09:20:01
USA,10713,17/01/26 01:20:01
Total Players,28503,17/01/26 08:22:02
Germany,8700,17/01/26 10:22:02
UK,9300,17/01/26 09:22:02
USA,10503,17/01/26 01:22:02
Total Players,28553,17/01/26 08:24:01
Germany,8714,17/01/26 10:24:01
UK,9304,17/01/26 09:24:01
USA,10536,17/01/26 01:24:01
Total Players,28628,17/01/26 08:26:01
Germany,8758,17/01/26 10:26:01
UK,9353,17/01/26 09:26:01
USA,10517,17/01/26 01:26:01
Total Players,28543,17/01/26 08:28:01
Germany,8721,17/01/26 10:28:01
UK,9325,17/01/26 09:28:01
USA,10497,17/01/26 01:28:01
Total Players,28447,17/01/26 08:30:01
Germany,8662,17/01/26 10:30:01
UK,9310,17/01/26 09:30:01
USA,10473,17/01/26 01:30:01
Total Players,28399,17/01/26 08:32:01
Germany,8624,17/01/26 10:32:01
UK,9329,17/01/26 09:32:01
USA,10446,17/01/26 01:32:01
Total Players,28309,17/01/26 08:34:01
Germany,8612,17/01/26 10:34:01
UK,9299,17/01/26 09:34:01
USA,10398,17/01/26 01:34:01
Total Players,28299,17/01/26 08:36:01
Germany,8617,17/01/26 10:36:01
UK,9331,17/01/26 09:36:01
USA,10351,17/01/26 01:36:01
Total Players,28164,17/01/26 08:38:01
Germany,8639,17/01/26 10:38:01
UK,9221,17/01/26 09:38:01
USA,10304,17/01/26 01:38:01
Total Players,28090,17/01/26 08:40:01
Germany,8557,17/01/26 10:40:01
UK,9257,17/01/26 09:40:01
USA,10276,17/01/26 01:40:01
Total Players,28031,17/01/26 08:42:01
Germany,8537,17/01/26 10:42:01
UK,9260,17/01/26 09:42:01
USA,10234,17/01/26 01:42:01
Total Players,27949,17/01/26 08:44:02
Germany,8520,17/01/26 10:44:02
UK,9269,17/01/26 09:44:02
USA,10160,17/01/26 01:44:02
Total Players,27926,17/01/26 08:46:01
Germany,8533,17/01/26 10:46:01
UK,9270,17/01/26 09:46:01
USA,10123,17/01/26 01:46:01
Total Players,27834,17/01/26 08:48:01
Germany,8489,17/01/26 10:48:01
UK,9266,17/01/26 09:48:01
USA,10079,17/01/26 01:48:01
Total Players,27845,17/01/26 08:50:01
Germany,8534,17/01/26 10:50:01
UK,9319,17/01/26 09:50:01
USA,9992,17/01/26 01:50:01
Total Players,27799,17/01/26 08:52:01
Germany,8507,17/01/26 10:52:01
UK,9355,17/01/26 09:52:01
USA,9937,17/01/26 01:52:01
Total Players,27774,17/01/26 08:54:01
Germany,8500,17/01/26 10:54:01
UK,9356,17/01/26 09:54:01
USA,9918,17/01/26 01:54:01
Total Players,27767,17/01/26 08:56:01
Germany,8560,17/01/26 10:56:01
UK,9328,17/01/26 09:56:01
USA,9879,17/01/26 01:56:01
Total Players,27721,17/01/26 08:58:01
Germany,8528,17/01/26 10:58:01
UK,9386,17/01/26 09:58:01
USA,9807,17/01/26 01:58:01
Total Players,27693,17/01/26 09:00:01
Germany,8530,17/01/26 11:00:01
UK,9351,17/01/26 10:00:01
USA,9812,17/01/26 02:00:01
Total Players,27668,17/01/26 09:02:01
Germany,8532,17/01/26 11:02:01
UK,9379,17/01/26 10:02:01
USA,9757,17/01/26 02:02:01
Total Players,27627,17/01/26 09:04:01
Germany,8479,17/01/26 11:04:01
UK,9391,17/01/26 10:04:01
USA,9757,17/01/26 02:04:01
Total Players,27605,17/01/26 09:06:01
Germany,8488,17/01/26 11:06:01
UK,9407,17/01/26 10:06:01
USA,9710,17/01/26 02:06:01
Total Players,27616,17/01/26 09:08:01
Germany,8507,17/01/26 11:08:01
UK,9386,17/01/26 10:08:01
USA,9723,17/01/26 02:08:01
Total Players,27532,17/01/26 09:10:01
Germany,8515,17/01/26 11:10:01
UK,9333,17/01/26 10:10:01
USA,9684,17/01/26 02:10:01
Total Players,27496,17/01/26 09:12:01
Germany,8491,17/01/26 11:12:01
UK,9321,17/01/26 10:12:01
USA,9684,17/01/26 02:12:01
Total Players,27560,17/01/26 09:14:01
Germany,8582,17/01/26 11:14:01
UK,9294,17/01/26 10:14:01
USA,9684,17/01/26 02:14:01
Total Players,27533,17/01/26 09:16:01
Germany,8577,17/01/26 11:16:01
UK,9286,17/01/26 10:16:01
USA,9670,17/01/26 02:16:01
Total Players,27461,17/01/26 09:18:01
Germany,8548,17/01/26 11:18:01
UK,9248,17/01/26 10:18:01
USA,9665,17/01/26 02:18:01
Total Players,27493,17/01/26 09:20:01
Germany,8575,17/01/26 11:20:01
UK,9305,17/01/26 10:20:01
USA,9613,17/01/26 02:20:01
Total Players,27525,17/01/26 09:22:01
Germany,8564,17/01/26 11:22:01
UK,9268,17/01/26 10:22:01
USA,9693,17/01/26 02:22:01
Total Players,27494,17/01/26 09:24:01
Germany,8560,17/01/26 11:24:01
UK,9254,17/01/26 10:24:01
USA,9680,17/01/26 02:24:01
Total Players,27450,17/01/26 09:26:01
Germany,8605,17/01/26 11:26:01
UK,9255,17/01/26 10:26:01
USA,9590,17/01/26 02:26:01
Total Players,27433,17/01/26 09:28:01
Germany,8667,17/01/26 11:28:01
UK,9257,17/01/26 10:28:01
USA,9509,17/01/26 02:28:01
Total Players,27453,17/01/26 09:30:01
Germany,8664,17/01/26 11:30:01
UK,9252,17/01/26 10:30:01
USA,9537,17/01/26 02:30:01
Total Players,27454,17/01/26 09:32:01
Germany,8665,17/01/26 11:32:01
UK,9262,17/01/26 10:32:01
USA,9527,17/01/26 02:32:01
Total Players,27473,17/01/26 09:34:01
Germany,8644,17/01/26 11:34:01
UK,9281,17/01/26 10:34:01
USA,9548,17/01/26 02:34:01
Total Players,27482,17/01/26 09:36:01
Germany,8676,17/01/26 11:36:01
UK,9270,17/01/26 10:36:01
USA,9536,17/01/26 02:36:01
Total Players,27502,17/01/26 09:38:01
Germany,8681,17/01/26 11:38:01
UK,9301,17/01/26 10:38:01
USA,9520,17/01/26 02:38:01
Total Players,27533,17/01/26 09:40:01
Germany,8718,17/01/26 11:40:01
UK,9287,17/01/26 10:40:01
USA,9528,17/01/26 02:40:01
Total Players,27622,17/01/26 09:42:01
Germany,8759,17/01/26 11:42:01
UK,9305,17/01/26 10:42:01
USA,9558,17/01/26 02:42:01
Total Players,27545,17/01/26 09:44:01
Germany,8739,17/01/26 11:44:01
UK,9319,17/01/26 10:44:01
USA,9487,17/01/26 02:44:01
Total Players,27371,17/01/26 09:46:01
Germany,8657,17/01/26 11:46:01
UK,9244,17/01/26 10:46:01
USA,9470,17/01/26 02:46:01
Total Players,27497,17/01/26 09:48:01
Germany,8717,17/01/26 11:48:01
UK,9310,17/01/26 10:48:01
USA,9470,17/01/26 02:48:01
Total Players,27384,17/01/26 09:50:01
Germany,8688,17/01/26 11:50:01
UK,9265,17/01/26 10:50:01
USA,9431,17/01/26 02:50:01
Total Players,27345,17/01/26 09:52:01
Germany,8671,17/01/26 11:52:01
UK,9266,17/01/26 10:52:01
USA,9408,17/01/26 02:52:01
Total Players,27385,17/01/26 09:54:01
Germany,8689,17/01/26 11:54:01
UK,9274,17/01/26 10:54:01
USA,9422,17/01/26 02:54:01
Total Players,27413,17/01/26 09:56:01
Germany,8686,17/01/26 11:56:01
UK,9284,17/01/26 10:56:01
USA,9443,17/01/26 02:56:01
Total Players,27429,17/01/26 09:58:01
Germany,8706,17/01/26 11:58:01
UK,9259,17/01/26 10:58:01
USA,9464,17/01/26 02:58:01
Total Players,27451,17/01/26 10:00:01
Germany,8699,17/01/26 12:00:01
UK,9277,17/01/26 11:00:01
USA,9475,17/01/26 03:00:01
Total Players,27471,17/01/26 10:02:01
Germany,8711,17/01/26 12:02:01
UK,9298,17/01/26 11:02:01
USA,9462,17/01/26 03:02:01
Total Players,27575,17/01/26 10:04:02
Germany,8776,17/01/26 12:04:02
UK,9345,17/01/26 11:04:02
USA,9454,17/01/26 03:04:02
Total Players,27624,17/01/26 10:06:01
Germany,8742,17/01/26 12:06:01
UK,9354,17/01/26 11:06:01
USA,9528,17/01/26 03:06:01
Total Players,27615,17/01/26 10:08:01
Germany,8762,17/01/26 12:08:01
UK,9372,17/01/26 11:08:01
USA,9481,17/01/26 03:08:01
Total Players,27638,17/01/26 10:10:01
Germany,8781,17/01/26 12:10:01
UK,9410,17/01/26 11:10:01
USA,9447,17/01/26 03:10:01
Total Players,27699,17/01/26 10:12:01
Germany,8819,17/01/26 12:12:01
UK,9420,17/01/26 11:12:01
USA,9460,17/01/26 03:12:01
Total Players,27678,17/01/26 10:14:01
Germany,8824,17/01/26 12:14:01
UK,9428,17/01/26 11:14:01
USA,9427,17/01/26 03:14:01
Total Players,27647,17/01/26 10:16:01
Germany,8805,17/01/26 12:16:01
UK,9422,17/01/26 11:16:01
USA,9420,17/01/26 03:16:01
Total Players,27648,17/01/26 10:18:01
Germany,8836,17/01/26 12:18:01
UK,9436,17/01/26 11:18:01
USA,9376,17/01/26 03:18:01
Total Players,27643,17/01/26 10:20:01
Germany,8844,17/01/26 12:20:01
UK,9430,17/01/26 11:20:01
USA,9369,17/01/26 03:20:01
Total Players,27649,17/01/26 10:22:01
Germany,8869,17/01/26 12:22:01
UK,9479,17/01/26 11:22:01
USA,9304,17/01/26 03:22:01
Total Players,27626,17/01/26 10:24:01
Germany,8899,17/01/26 12:24:01
UK,9447,17/01/26 11:24:01
USA,9280,17/01/26 03:24:01
Total Players,27549,17/01/26 10:26:01
Germany,8826,17/01/26 12:26:01
UK,9467,17/01/26 11:26:01
USA,9256,17/01/26 03:26:01
Total Players,27695,17/01/26 10:28:01
Germany,8851,17/01/26 12:28:01
UK,9525,17/01/26 11:28:01
USA,9319,17/01/26 03:28:01
Total Players,27707,17/01/26 10:30:01
Germany,8886,17/01/26 12:30:01
UK,9542,17/01/26 11:30:01
USA,9279,17/01/26 03:30:01
Total Players,27725,17/01/26 10:32:01
Germany,8940,17/01/26 12:32:01
UK,9519,17/01/26 11:32:01
USA,9266,17/01/26 03:32:01
Total Players,27695,17/01/26 10:34:01
Germany,8948,17/01/26 12:34:01
UK,9483,17/01/26 11:34:01
USA,9264,17/01/26 03:34:01
Total Players,27714,17/01/26 10:36:01
Germany,8973,17/01/26 12:36:01
UK,9457,17/01/26 11:36:01
USA,9284,17/01/26 03:36:01
Total Players,27672,17/01/26 10:38:01
Germany,8992,17/01/26 12:38:01
UK,9405,17/01/26 11:38:01
USA,9275,17/01/26 03:38:01
Total Players,27670,17/01/26 10:40:01
Germany,8994,17/01/26 12:40:01
UK,9406,17/01/26 11:40:01
USA,9270,17/01/26 03:40:01
Total Players,27733,17/01/26 10:42:01
Germany,8997,17/01/26 12:42:01
UK,9440,17/01/26 11:42:01
USA,9296,17/01/26 03:42:01
Total Players,27703,17/01/26 10:44:01
Germany,9003,17/01/26 12:44:01
UK,9416,17/01/26 11:44:01
USA,9284,17/01/26 03:44:01
Total Players,27610,17/01/26 10:46:01
Germany,9003,17/01/26 12:46:01
UK,9347,17/01/26 11:46:01
USA,9260,17/01/26 03:46:01
Total Players,27636,17/01/26 10:48:01
Germany,9010,17/01/26 12:48:01
UK,9379,17/01/26 11:48:01
USA,9247,17/01/26 03:48:01
Total Players,27593,17/01/26 10:50:01
Germany,8973,17/01/26 12:50:01
UK,9388,17/01/26 11:50:01
USA,9232,17/01/26 03:50:01
Total Players,27550,17/01/26 10:52:01
Germany,8937,17/01/26 12:52:01
UK,9359,17/01/26 11:52:01
USA,9254,17/01/26 03:52:01
Total Players,27668,17/01/26 10:54:01
Germany,8958,17/01/26 12:54:01
UK,9416,17/01/26 11:54:01
USA,9294,17/01/26 03:54:01
Total Players,27648,17/01/26 10:56:01
Germany,8974,17/01/26 12:56:01
UK,9374,17/01/26 11:56:01
USA,9300,17/01/26 03:56:01
Total Players,27339,17/01/26 10:58:01
Germany,8882,17/01/26 12:58:01
UK,9285,17/01/26 11:58:01
USA,9172,17/01/26 03:58:01
Total Players,27349,17/01/26 11:00:01
Germany,8838,17/01/26 13:00:01
UK,9314,17/01/26 12:00:01
USA,9197,17/01/26 04:00:01
Total Players,27400,17/01/26 11:02:01
Germany,8840,17/01/26 13:02:01
UK,9307,17/01/26 12:02:01
USA,9253,17/01/26 04:02:01
Total Players,27408,17/01/26 11:04:01
Germany,8865,17/01/26 13:04:01
UK,9291,17/01/26 12:04:01
USA,9252,17/01/26 04:04:01
Total Players,27074,17/01/26 11:06:01
Germany,8736,17/01/26 13:06:01
UK,9193,17/01/26 12:06:01
USA,9145,17/01/26 04:06:01
Total Players,26967,17/01/26 11:08:02
Germany,8730,17/01/26 13:08:02
UK,9122,17/01/26 12:08:02
USA,9115,17/01/26 04:08:02
Total Players,26987,17/01/26 11:10:01
Germany,8728,17/01/26 13:10:01
UK,9118,17/01/26 12:10:01
USA,9141,17/01/26 04:10:01
Total Players,26923,17/01/26 11:12:01
Germany,8686,17/01/26 13:12:01
UK,9160,17/01/26 12:12:01
USA,9077,17/01/26 04:12:01
Total Players,26947,17/01/26 11:14:01
Germany,8726,17/01/26 13:14:01
UK,9174,17/01/26 12:14:01
USA,9047,17/01/26 04:14:01
Total Players,27082,17/01/26 11:16:01
Germany,8777,17/01/26 13:16:01
UK,9272,17/01/26 12:16:01
USA,9033,17/01/26 04:16:01
Total Players,26996,17/01/26 11:18:01
Germany,8733,17/01/26 13:18:01
UK,9270,17/01/26 12:18:01
USA,8993,17/01/26 04:18:01
Total Players,26785,17/01/26 11:20:01
Germany,8657,17/01/26 13:20:01
UK,9242,17/01/26 12:20:01
USA,8886,17/01/26 04:20:01
Total Players,26641,17/01/26 11:22:01
Germany,8623,17/01/26 13:22:01
UK,9158,17/01/26 12:22:01
USA,8860,17/01/26 04:22:01
Total Players,26500,17/01/26 11:24:01
Germany,8533,17/01/26 13:24:01
UK,9114,17/01/26 12:24:01
USA,8853,17/01/26 04:24:01
Total Players,26294,17/01/26 11:26:01
Germany,8490,17/01/26 13:26:01
UK,9021,17/01/26 12:26:01
USA,8783,17/01/26 04:26:01
Total Players,26212,17/01/26 11:28:01
Germany,8458,17/01/26 13:28:01
UK,9008,17/01/26 12:28:01
USA,8746,17/01/26 04:28:01
Total Players,25716,17/01/26 11:30:01
Germany,8292,17/01/26 13:30:01
UK,8837,17/01/26 12:30:01
USA,8585,17/01/26 04:30:01
Total Players,25220,17/01/26 11:32:01
Germany,8138,17/01/26 13:32:01
UK,8643,17/01/26 12:32:01
USA,8441,17/01/26 04:32:01
Total Players,23584,17/01/26 11:34:01
Germany,7554,17/01/26 13:34:01
UK,8093,17/01/26 12:34:01
USA,7935,17/01/26 04:34:01
Total Players,19276,17/01/26 11:36:01
Germany,6128,17/01/26 13:36:01
UK,6610,17/01/26 12:36:01
USA,6538,17/01/26 04:36:01
Total Players,736,17/01/26 11:38:01
Germany,100,17/01/26 13:38:01
UK,535,17/01/26 12:38:01
USA,101,17/01/26 04:38:01
Total Players,3625,17/01/26 11:40:01
Germany,639,17/01/26 13:40:01
UK,2049,17/01/26 12:40:01
USA,937,17/01/26 04:40:01
Total Players,5393,17/01/26 11:42:01
Germany,1034,17/01/26 13:42:01
UK,2797,17/01/26 12:42:01
USA,1562,17/01/26 04:42:01
Total Players,6635,17/01/26 11:44:01
Germany,1307,17/01/26 13:44:01
UK,3359,17/01/26 12:44:01
USA,1969,17/01/26 04:44:01
Total Players,7561,17/01/26 11:46:01
Germany,1548,17/01/26 13:46:01
UK,3751,17/01/26 12:46:01
USA,2262,17/01/26 04:46:01
Total Players,8358,17/01/26 11:48:01
Germany,1763,17/01/26 13:48:01
UK,4041,17/01/26 12:48:01
USA,2554,17/01/26 04:48:01
Total Players,9080,17/01/26 11:50:02
Germany,2005,17/01/26 13:50:02
UK,4324,17/01/26 12:50:02
USA,2751,17/01/26 04:50:02
Total Players,9691,17/01/26 11:52:01
Germany,2221,17/01/26 13:52:01
UK,4505,17/01/26 12:52:01
USA,2965,17/01/26 04:52:01
Total Players,10266,17/01/26 11:54:01
Germany,2458,17/01/26 13:54:01
UK,4661,17/01/26 12:54:01
USA,3147,17/01/26 04:54:01
Total Players,10788,17/01/26 11:56:01
Germany,2678,17/01/26 13:56:01
UK,4816,17/01/26 12:56:01
USA,3294,17/01/26 04:56:01
Total Players,11292,17/01/26 11:58:01
Germany,2892,17/01/26 13:58:01
UK,4966,17/01/26 12:58:01
USA,3436,17/01/26 04:58:01
Total Players,11842,17/01/26 12:00:01
Germany,3134,17/01/26 14:00:01
UK,5069,17/01/26 13:00:01
USA,3639,17/01/26 05:00:01
Total Players,12386,17/01/26 12:02:01
Germany,3365,17/01/26 14:02:01
UK,5240,17/01/26 13:02:01
USA,3781,17/01/26 05:02:01
Total Players,12818,17/01/26 12:04:01
Germany,3548,17/01/26 14:04:01
UK,5371,17/01/26 13:04:01
USA,3902,17/01/26 05:04:01
Total Players,13190,17/01/26 12:06:01
Germany,3694,17/01/26 14:06:01
UK,5479,17/01/26 13:06:01
USA,4017,17/01/26 05:06:01
Total Players,13528,17/01/26 12:08:01
Germany,3755,17/01/26 14:08:01
UK,5635,17/01/26 13:08:01
USA,4138,17/01/26 05:08:01
Total Players,13901,17/01/26 12:10:01
Germany,3895,17/01/26 14:10:01
UK,5781,17/01/26 13:10:01
USA,4225,17/01/26 05:10:01
Total Players,14277,17/01/26 12:12:01
Germany,3997,17/01/26 14:12:01
UK,5934,17/01/26 13:12:01
USA,4346,17/01/26 05:12:01
Total Players,14579,17/01/26 12:14:02
Germany,4073,17/01/26 14:14:02
UK,6075,17/01/26 13:14:02
USA,4431,17/01/26 05:14:02
Total Players,15276,17/01/26 12:16:01
Germany,4276,17/01/26 14:16:01
UK,6341,17/01/26 13:16:01
USA,4659,17/01/26 05:16:01
Total Players,16633,17/01/26 12:18:01
Germany,4664,17/01/26 14:18:01
UK,6760,17/01/26 13:18:01
USA,5209,17/01/26 05:18:01
Total Players,17998,17/01/26 12:20:01
Germany,5072,17/01/26 14:20:01
UK,7159,17/01/26 13:20:01
USA,5767,17/01/26 05:20:01
Total Players,19041,17/01/26 12:22:01
Germany,5381,17/01/26 14:22:01
UK,7413,17/01/26 13:22:01
USA,6247,17/01/26 05:22:01
Total Players,20072,17/01/26 12:24:01
Germany,5662,17/01/26 14:24:01
UK,7732,17/01/26 13:24:01
USA,6675,17/01/26 05:24:01
Total Players,20941,17/01/26 12:26:01
Germany,5941,17/01/26 14:26:01
UK,7964,17/01/26 13:26:01
USA,7036,17/01/26 05:26:01
Total Players,21539,17/01/26 12:28:01
Germany,6086,17/01/26 14:28:01
UK,8157,17/01/26 13:28:01
USA,7296,17/01/26 05:28:01
Total Players,22147,17/01/26 12:30:01
Germany,6270,17/01/26 14:30:01
UK,8306,17/01/26 13:30:01
USA,7571,17/01/26 05:30:01
Total Players,22606,17/01/26 12:32:01
Germany,6416,17/01/26 14:32:01
UK,8446,17/01/26 13:32:01
USA,7744,17/01/26 05:32:01
Total Players,22980,17/01/26 12:34:01
Germany,6569,17/01/26 14:34:01
UK,8574,17/01/26 13:34:01
USA,7837,17/01/26 05:34:01
Total Players,23413,17/01/26 12:36:01
Germany,6714,17/01/26 14:36:01
UK,8674,17/01/26 13:36:01
USA,8025,17/01/26 05:36:01
Total Players,23879,17/01/26 12:38:02
Germany,6866,17/01/26 14:38:02
UK,8805,17/01/26 13:38:02
USA,8208,17/01/26 05:38:02
Total Players,24220,17/01/26 12:40:01
Germany,6996,17/01/26 14:40:01
UK,8826,17/01/26 13:40:01
USA,8398,17/01/26 05:40:01
Total Players,24530,17/01/26 12:42:01
Germany,7029,17/01/26 14:42:01
UK,8895,17/01/26 13:42:01
USA,8606,17/01/26 05:42:01
Total Players,24941,17/01/26 12:44:01
Germany,7164,17/01/26 14:44:01
UK,9058,17/01/26 13:44:01
USA,8719,17/01/26 05:44:01
Total Players,25210,17/01/26 12:46:01
Germany,7294,17/01/26 14:46:01
UK,9135,17/01/26 13:46:01
USA,8781,17/01/26 05:46:01
Total Players,25532,17/01/26 12:48:01
Germany,7415,17/01/26 14:48:01
UK,9237,17/01/26 13:48:01
USA,8882,17/01/26 05:48:01
Total Players,25720,17/01/26 12:50:01
Germany,7434,17/01/26 14:50:01
UK,9344,17/01/26 13:50:01
USA,8942,17/01/26 05:50:01
Total Players,26032,17/01/26 12:52:01
Germany,7578,17/01/26 14:52:01
UK,9435,17/01/26 13:52:01
USA,9019,17/01/26 05:52:01
Total Players,26307,17/01/26 12:54:01
Germany,7651,17/01/26 14:54:01
UK,9500,17/01/26 13:54:01
USA,9156,17/01/26 05:54:01
Total Players,26551,17/01/26 12:56:01
Germany,7788,17/01/26 14:56:01
UK,9581,17/01/26 13:56:01
USA,9182,17/01/26 05:56:01
Total Players,26810,17/01/26 12:58:01
Germany,7872,17/01/26 14:58:01
UK,9651,17/01/26 13:58:01
USA,9287,17/01/26 05:58:01
Total Players,27100,17/01/26 13:00:01
Germany,7963,17/01/26 15:00:01
UK,9768,17/01/26 14:00:01
USA,9369,17/01/26 06:00:01
Total Players,27294,17/01/26 13:02:01
Germany,8061,17/01/26 15:02:01
UK,9799,17/01/26 14:02:01
USA,9434,17/01/26 06:02:01
Total Players,27527,17/01/26 13:04:01
Germany,8109,17/01/26 15:04:01
UK,9878,17/01/26 14:04:01
USA,9540,17/01/26 06:04:01
Total Players,27767,17/01/26 13:06:01
Germany,8199,17/01/26 15:06:01
UK,9922,17/01/26 14:06:01
USA,8568,17/01/26 06:06:01
Total Players,28001,17/01/26 13:08:01
Germany,8313,17/01/26 15:08:01
UK,9994,17/01/26 14:08:01
USA,8624,17/01/26 06:08:01
Total Players,28199,17/01/26 13:10:01
Germany,8371,17/01/26 15:10:01
UK,10047,17/01/26 14:10:01
USA,8706,17/01/26 06:10:01
Total Players,28258,17/01/26 13:12:01
Germany,8454,17/01/26 15:12:01
UK,10039,17/01/26 14:12:01
USA,8684,17/01/26 06:12:01
Total Players,28426,17/01/26 13:14:01
Germany,8490,17/01/26 15:14:01
UK,10061,17/01/26 14:14:01
USA,8811,17/01/26 06:14:01
Total Players,28694,17/01/26 13:16:02
Germany,8583,17/01/26 15:16:02
UK,10130,17/01/26 14:16:02
USA,8939,17/01/26 06:16:02
Total Players,28879,17/01/26 13:18:01
Germany,8665,17/01/26 15:18:01
UK,10210,17/01/26 14:18:01
USA,8973,17/01/26 06:18:01
Total Players,29010,17/01/26 13:20:01
Germany,8744,17/01/26 15:20:01
UK,10228,17/01/26 14:20:01
USA,8990,17/01/26 06:20:01
Total Players,29152,17/01/26 13:22:01
Germany,8773,17/01/26 15:22:01
UK,10306,17/01/26 14:22:01
USA,9028,17/01/26 06:22:01
Total Players,29258,17/01/26 13:24:01
Germany,8814,17/01/26 15:24:01
UK,10364,17/01/26 14:24:01
USA,9041,17/01/26 06:24:01
Total Players,29376,17/01/26 13:26:01
Germany,8852,17/01/26 15:26:01
UK,10370,17/01/26 14:26:01
USA,9126,17/01/26 06:26:01
Total Players,29498,17/01/26 13:28:01
Germany,8911,17/01/26 15:28:01
UK,10389,17/01/26 14:28:01
USA,9180,17/01/26 06:28:01
Total Players,29652,17/01/26 13:30:01
Germany,8963,17/01/26 15:30:01
UK,10426,17/01/26 14:30:01
USA,9249,17/01/26 06:30:01
Total Players,29845,17/01/26 13:32:01
Germany,9058,17/01/26 15:32:01
UK,10475,17/01/26 14:32:01
USA,9300,17/01/26 06:32:01
Total Players,29978,17/01/26 13:34:01
Germany,9140,17/01/26 15:34:01
UK,10513,17/01/26 14:34:01
USA,9292,17/01/26 06:34:01
Total Players,30136,17/01/26 13:36:01
Germany,9216,17/01/26 15:36:01
UK,10528,17/01/26 14:36:01
USA,9361,17/01/26 06:36:01
Total Players,30356,17/01/26 13:38:01
Germany,9311,17/01/26 15:38:01
UK,10598,17/01/26 14:38:01
USA,9416,17/01/26 06:38:01
Total Players,30574,17/01/26 13:40:01
Germany,9388,17/01/26 15:40:01
UK,10669,17/01/26 14:40:01
USA,9501,17/01/26 06:40:01
Total Players,30552,17/01/26 13:42:01
Germany,9358,17/01/26 15:42:01
UK,10671,17/01/26 14:42:01
USA,9486,17/01/26 06:42:01
Total Players,30756,17/01/26 13:44:02
Germany,9442,17/01/26 15:44:02
UK,10745,17/01/26 14:44:02
USA,9520,17/01/26 06:44:02
Total Players,30887,17/01/26 13:46:01
Germany,9451,17/01/26 15:46:01
UK,10808,17/01/26 14:46:01
USA,9574,17/01/26 06:46:01
Total Players,31029,17/01/26 13:48:01
Germany,9484,17/01/26 15:48:01
UK,10878,17/01/26 14:48:01
USA,9610,17/01/26 06:48:01
Total Players,31168,17/01/26 13:50:01
Germany,9521,17/01/26 15:50:01
UK,10913,17/01/26 14:50:01
USA,9648,17/01/26 06:50:01
Total Players,31255,17/01/26 13:52:01
Germany,9533,17/01/26 15:52:01
UK,10971,17/01/26 14:52:01
USA,9657,17/01/26 06:52:01
Total Players,31465,17/01/26 13:54:01
Germany,9578,17/01/26 15:54:01
UK,11036,17/01/26 14:54:01
USA,9760,17/01/26 06:54:01
Total Players,31586,17/01/26 13:56:01
Germany,9623,17/01/26 15:56:01
UK,11063,17/01/26 14:56:01
USA,9791,17/01/26 06:56:01
Total Players,31799,17/01/26 13:58:01
Germany,9691,17/01/26 15:58:01
UK,11142,17/01/26 14:58:01
USA,9854,17/01/26 06:58:01
Total Players,31855,17/01/26 14:00:01
Germany,9716,17/01/26 16:00:01
UK,11162,17/01/26 15:00:01
USA,9871,17/01/26 07:00:01
Total Players,31998,17/01/26 14:02:01
Germany,9793,17/01/26 16:02:01
UK,11169,17/01/26 15:02:01
USA,9902,17/01/26 07:02:01
Total Players,32162,17/01/26 14:04:01
Germany,9843,17/01/26 16:04:01
UK,11211,17/01/26 15:04:01
USA,9960,17/01/26 07:04:01
Total Players,32366,17/01/26 14:06:01
Germany,9905,17/01/26 16:06:01
UK,11238,17/01/26 15:06:01
USA,10094,17/01/26 07:06:01
Total Players,32439,17/01/26 14:08:01
Germany,9957,17/01/26 16:08:01
UK,11241,17/01/26 15:08:01
USA,10103,17/01/26 07:08:01
Total Players,32531,17/01/26 14:10:01
Germany,9975,17/01/26 16:10:01
UK,11305,17/01/26 15:10:01
USA,10123,17/01/26 07:10:01
Total Players,32711,17/01/26 14:12:01
Germany,10004,17/01/26 16:12:01
UK,11349,17/01/26 15:12:01
USA,10237,17/01/26 07:12:01
Total Players,32739,17/01/26 14:14:01
Germany,9986,17/01/26 16:14:01
UK,11388,17/01/26 15:14:01
USA,10245,17/01/26 07:14:01
Total Players,32879,17/01/26 14:16:01
Germany,10048,17/01/26 16:16:01
UK,11406,17/01/26 15:16:01
USA,10304,17/01/26 07:16:01
Total Players,32993,17/01/26 14:18:01
Germany,10076,17/01/26 16:18:01
UK,11454,17/01/26 15:18:01
USA,10343,17/01/26 07:18:01
Total Players,33198,17/01/26 14:20:01
Germany,10140,17/01/26 16:20:01
UK,11520,17/01/26 15:20:01
USA,10419,17/01/26 07:20:01
Total Players,33264,17/01/26 14:22:01
Germany,10208,17/01/26 16:22:01
UK,11515,17/01/26 15:22:01
USA,10438,17/01/26 07:22:01
Total Players,33497,17/01/26 14:24:01
Germany,10237,17/01/26 16:24:01
UK,11606,17/01/26 15:24:01
USA,10554,17/01/26 07:24:01
Total Players,33618,17/01/26 14:26:01
Germany,10267,17/01/26 16:26:01
UK,11623,17/01/26 15:26:01
USA,10625,17/01/26 07:26:01
Total Players,33719,17/01/26 14:28:02
Germany,10307,17/01/26 16:28:02
UK,11692,17/01/26 15:28:02
USA,10609,17/01/26 07:28:02
Total Players,33906,17/01/26 14:30:01
Germany,10363,17/01/26 16:30:01
UK,11728,17/01/26 15:30:01
USA,10733,17/01/26 07:30:01
Total Players,34062,17/01/26 14:32:01
Germany,10414,17/01/26 16:32:01
UK,11780,17/01/26 15:32:01
USA,10785,17/01/26 07:32:01
Total Players,34073,17/01/26 14:34:01
Germany,10412,17/01/26 16:34:01
UK,11819,17/01/26 15:34:01
USA,10756,17/01/26 07:34:01
Total Players,34233,17/01/26 14:36:01
Germany,10456,17/01/26 16:36:01
UK,11894,17/01/26 15:36:01
USA,10817,17/01/26 07:36:01
Total Players,34417,17/01/26 14:38:02
Germany,10513,17/01/26 16:38:02
UK,11961,17/01/26 15:38:02
USA,10893,17/01/26 07:38:02
Total Players,34442,17/01/26 14:40:01
Germany,10503,17/01/26 16:40:01
UK,11977,17/01/26 15:40:01
USA,10910,17/01/26 07:40:01
Total Players,34535,17/01/26 14:42:01
Germany,10612,17/01/26 16:42:01
UK,11957,17/01/26 15:42:01
USA,10911,17/01/26 07:42:01
Total Players,34583,17/01/26 14:44:01
Germany,10676,17/01/26 16:44:01
UK,11957,17/01/26 15:44:01
USA,10891,17/01/26 07:44:01
Total Players,34773,17/01/26 14:46:01
Germany,10717,17/01/26 16:46:01
UK,12017,17/01/26 15:46:01
USA,10978,17/01/26 07:46:01
Total Players,34903,17/01/26 14:48:01
Germany,10742,17/01/26 16:48:01
UK,12059,17/01/26 15:48:01
USA,11037,17/01/26 07:48:01
Total Players,35080,17/01/26 14:50:01
Germany,10822,17/01/26 16:50:01
UK,12128,17/01/26 15:50:01
USA,11056,17/01/26 07:50:01
Total Players,35163,17/01/26 14:52:01
Germany,10799,17/01/26 16:52:01
UK,12177,17/01/26 15:52:01
USA,11105,17/01/26 07:52:01
Total Players,35265,17/01/26 14:54:01
Germany,10810,17/01/26 16:54:01
UK,12240,17/01/26 15:54:01
USA,11124,17/01/26 07:54:01
Total Players,35451,17/01/26 14:56:01
Germany,10880,17/01/26 16:56:01
UK,12313,17/01/26 15:56:01
USA,11166,17/01/26 07:56:01
Total Players,35644,17/01/26 14:58:01
Germany,10994,17/01/26 16:58:01
UK,12365,17/01/26 15:58:01
USA,11194,17/01/26 07:58:01
Total Players,35735,17/01/26 15:00:01
Germany,10970,17/01/26 17:00:01
UK,12411,17/01/26 16:00:01
USA,11265,17/01/26 08:00:01
Total Players,35952,17/01/26 15:02:01
Germany,11042,17/01/26 17:02:01
UK,12461,17/01/26 16:02:01
USA,11353,17/01/26 08:02:01
Total Players,36113,17/01/26 15:04:01
Germany,11129,17/01/26 17:04:01
UK,12533,17/01/26 16:04:01
USA,11343,17/01/26 08:04:01
Total Players,36285,17/01/26 15:06:01
Germany,11176,17/01/26 17:06:01
UK,12577,17/01/26 16:06:01
USA,11436,17/01/26 08:06:01
Total Players,36388,17/01/26 15:08:01
Germany,11176,17/01/26 17:08:01
UK,12600,17/01/26 16:08:01
USA,11517,17/01/26 08:08:01
Total Players,36615,17/01/26 15:10:01
Germany,11185,17/01/26 17:10:01
UK,12675,17/01/26 16:10:01
USA,11688,17/01/26 08:10:01
Total Players,36767,17/01/26 15:12:01
Germany,11218,17/01/26 17:12:01
UK,12755,17/01/26 16:12:01
USA,11712,17/01/26 08:12:01
Total Players,36976,17/01/26 15:14:01
Germany,11286,17/01/26 17:14:01
UK,12803,17/01/26 16:14:01
USA,11810,17/01/26 08:14:01
Total Players,37164,17/01/26 15:16:01
Germany,11340,17/01/26 17:16:01
UK,12857,17/01/26 16:16:01
USA,11898,17/01/26 08:16:01
Total Players,37224,17/01/26 15:18:01
Germany,11329,17/01/26 17:18:01
UK,12877,17/01/26 16:18:01
USA,11958,17/01/26 08:18:01
Total Players,37378,17/01/26 15:20:01
Germany,11394,17/01/26 17:20:01
UK,12935,17/01/26 16:20:01
USA,11983,17/01/26 08:20:01
Total Players,37540,17/01/26 15:22:01
Germany,11407,17/01/26 17:22:01
UK,13014,17/01/26 16:22:01
USA,12057,17/01/26 08:22:01
Total Players,37749,17/01/26 15:24:01
Germany,11471,17/01/26 17:24:01
UK,13106,17/01/26 16:24:01
USA,12119,17/01/26 08:24:01
Total Players,37990,17/01/26 15:26:01
Germany,11585,17/01/26 17:26:01
UK,13115,17/01/26 16:26:01
USA,12230,17/01/26 08:26:01
Total Players,38243,17/01/26 15:28:01
Germany,11657,17/01/26 17:28:01
UK,13210,17/01/26 16:28:01
USA,12321,17/01/26 08:28:01
Total Players,38540,17/01/26 15:30:01
Germany,11780,17/01/26 17:30:01
UK,13286,17/01/26 16:30:01
USA,12444,17/01/26 08:30:01
Total Players,38820,17/01/26 15:32:01
Germany,11860,17/01/26 17:32:01
UK,13421,17/01/26 16:32:01
USA,12510,17/01/26 08:32:01
Total Players,38954,17/01/26 15:34:01
Germany,11933,17/01/26 17:34:01
UK,13407,17/01/26 16:34:01
USA,12577,17/01/26 08:34:01
Total Players,39097,17/01/26 15:36:01
Germany,11956,17/01/26 17:36:01
UK,13444,17/01/26 16:36:01
USA,12674,17/01/26 08:36:01
Total Players,39135,17/01/26 15:38:01
Germany,11981,17/01/26 17:38:01
UK,13445,17/01/26 16:38:01
USA,12702,17/01/26 08:38:01
Total Players,39319,17/01/26 15:40:01
Germany,12034,17/01/26 17:40:01
UK,13511,17/01/26 16:40:01
USA,13774,17/01/26 08:40:01
Total Players,39419,17/01/26 15:42:01
Germany,12052,17/01/26 17:42:01
UK,13566,17/01/26 16:42:01
USA,12806,17/01/26 08:42:01
Total Players,39566,17/01/26 15:44:01
Germany,12093,17/01/26 17:44:01
UK,13619,17/01/26 16:44:01
USA,12862,17/01/26 08:44:01
Total Players,39722,17/01/26 15:46:01
Germany,12143,17/01/26 17:46:01
UK,13689,17/01/26 16:46:01
USA,12892,17/01/26 08:46:01
Total Players,39691,17/01/26 15:48:01
Germany,12151,17/01/26 17:48:01
UK,13648,17/01/26 16:48:01
USA,12893,17/01/26 08:48:01
Total Players,39842,17/01/26 15:50:01
Germany,12179,17/01/26 17:50:01
UK,13768,17/01/26 16:50:01
USA,12903,17/01/26 08:50:01
Total Players,39946,17/01/26 15:52:01
Germany,12214,17/01/26 17:52:01
UK,13790,17/01/26 16:52:01
USA,12952,17/01/26 08:52:01
Total Players,40096,17/01/26 15:54:01
Germany,12244,17/01/26 17:54:01
UK,13829,17/01/26 16:54:01
USA,13046,17/01/26 08:54:01
Total Players,40253,17/01/26 15:56:01
Germany,12310,17/01/26 17:56:01
UK,13845,17/01/26 16:56:01
USA,13128,17/01/26 08:56:01
Total Players,40476,17/01/26 15:58:01
Germany,12388,17/01/26 17:58:01
UK,13923,17/01/26 16:58:01
USA,13194,17/01/26 08:58:01
Total Players,40628,17/01/26 16:00:01
Germany,12420,17/01/26 18:00:01
UK,13971,17/01/26 17:00:01
USA,13279,17/01/26 09:00:01
Total Players,40795,17/01/26 16:02:01
Germany,12484,17/01/26 18:02:01
UK,14032,17/01/26 17:02:01
USA,13320,17/01/26 09:02:01
Total Players,41003,17/01/26 16:04:01
Germany,12561,17/01/26 18:04:01
UK,14130,17/01/26 17:04:01
USA,13349,17/01/26 09:04:01
Total Players,41066,17/01/26 16:06:01
Germany,12602,17/01/26 18:06:01
UK,14100,17/01/26 17:06:01
USA,13399,17/01/26 09:06:01
Total Players,41240,17/01/26 16:08:01
Germany,12647,17/01/26 18:08:01
UK,14170,17/01/26 17:08:01
USA,13483,17/01/26 09:08:01
Total Players,41357,17/01/26 16:10:01
Germany,12676,17/01/26 18:10:01
UK,14203,17/01/26 17:10:01
USA,13543,17/01/26 09:10:01
Total Players,41490,17/01/26 16:12:01
Germany,12731,17/01/26 18:12:01
UK,14215,17/01/26 17:12:01
USA,13627,17/01/26 09:12:01
Total Players,41540,17/01/26 16:14:01
Germany,12668,17/01/26 18:14:01
UK,14272,17/01/26 17:14:01
USA,13676,17/01/26 09:14:01
Total Players,41713,17/01/26 16:16:01
Germany,12717,17/01/26 18:16:01
UK,14357,17/01/26 17:16:01
USA,13693,17/01/26 09:16:01
Total Players,41758,17/01/26 16:18:02
Germany,12694,17/01/26 18:18:02
UK,14368,17/01/26 17:18:02
USA,13751,17/01/26 09:18:02
Total Players,41801,17/01/26 16:20:01
Germany,12691,17/01/26 18:20:01
UK,14434,17/01/26 17:20:01
USA,13729,17/01/26 09:20:01
Total Players,42036,17/01/26 16:22:01
Germany,12793,17/01/26 18:22:01
UK,14500,17/01/26 17:22:01
USA,13813,17/01/26 09:22:01
Total Players,42256,17/01/26 16:24:01
Germany,12866,17/01/26 18:24:01
UK,14572,17/01/26 17:24:01
USA,13873,17/01/26 09:24:01
Total Players,42346,17/01/26 16:26:01
Germany,12898,17/01/26 18:26:01
UK,14624,17/01/26 17:26:01
USA,13878,17/01/26 09:26:01
Total Players,42516,17/01/26 16:28:01
Germany,12986,17/01/26 18:28:01
UK,14623,17/01/26 17:28:01
USA,13970,17/01/26 09:28:01
Total Players,42704,17/01/26 16:30:01
Germany,12997,17/01/26 18:30:01
UK,14771,17/01/26 17:30:01
USA,13998,17/01/26 09:30:01
Total Players,42690,17/01/26 16:32:01
Germany,12972,17/01/26 18:32:01
UK,14747,17/01/26 17:32:01
USA,14029,17/01/26 09:32:01
Total Players,42757,17/01/26 16:34:01
Germany,13014,17/01/26 18:34:01
UK,14777,17/01/26 17:34:01
USA,14030,17/01/26 09:34:01
Total Players,42866,17/01/26 16:36:01
Germany,13006,17/01/26 18:36:01
UK,14884,17/01/26 17:36:01
USA,14023,17/01/26 09:36:01
Total Players,42958,17/01/26 16:38:01
Germany,13002,17/01/26 18:38:01
UK,14962,17/01/26 17:38:01
USA,14040,17/01/26 09:38:01
Total Players,43056,17/01/26 16:40:01
Germany,13024,17/01/26 18:40:01
UK,15007,17/01/26 17:40:01
USA,14068,17/01/26 09:40:01
Total Players,43097,17/01/26 16:42:01
Germany,12984,17/01/26 18:42:01
UK,15027,17/01/26 17:42:01
USA,14109,17/01/26 09:42:01
Total Players,43109,17/01/26 16:44:01
Germany,12946,17/01/26 18:44:01
UK,15068,17/01/26 17:44:01
USA,14153,17/01/26 09:44:01
Total Players,43201,17/01/26 16:46:01
Germany,12933,17/01/26 18:46:01
UK,15127,17/01/26 17:46:01
USA,14208,17/01/26 09:46:01
Total Players,43147,17/01/26 16:48:01
Germany,12948,17/01/26 18:48:01
UK,15080,17/01/26 17:48:01
USA,14182,17/01/26 09:48:01
Total Players,43333,17/01/26 16:50:01
Germany,13015,17/01/26 18:50:01
UK,15100,17/01/26 17:50:01
USA,14255,17/01/26 09:50:01
Total Players,43373,17/01/26 16:52:01
Germany,13044,17/01/26 18:52:01
UK,15107,17/01/26 17:52:01
USA,14244,17/01/26 09:52:01
Total Players,43557,17/01/26 16:54:01
Germany,13056,17/01/26 18:54:01
UK,15117,17/01/26 17:54:01
USA,14412,17/01/26 09:54:01
Total Players,43696,17/01/26 16:56:01
Germany,13106,17/01/26 18:56:01
UK,15169,17/01/26 17:56:01
USA,14468,17/01/26 09:56:01
Total Players,43886,17/01/26 16:58:01
Germany,13201,17/01/26 18:58:01
UK,15255,17/01/26 17:58:01
USA,14482,17/01/26 09:58:01
Total Players,43968,17/01/26 17:00:01
Germany,13242,17/01/26 19:00:01
UK,15249,17/01/26 18:00:01
USA,14507,17/01/26 10:00:01
Total Players,44109,17/01/26 17:02:01
Germany,13273,17/01/26 19:02:01
UK,15297,17/01/26 18:02:01
USA,14583,17/01/26 10:02:01
Total Players,44210,17/01/26 17:04:01
Germany,13302,17/01/26 19:04:01
UK,15392,17/01/26 18:04:01
USA,14549,17/01/26 10:04:01
Total Players,44278,17/01/26 17:06:01
Germany,13289,17/01/26 19:06:01
UK,15464,17/01/26 18:06:01
USA,14549,17/01/26 10:06:01
Total Players,44401,17/01/26 17:08:01
Germany,13330,17/01/26 19:08:01
UK,15451,17/01/26 18:08:01
USA,14652,17/01/26 10:08:01
Total Players,44496,17/01/26 17:10:01
Germany,13331,17/01/26 19:10:01
UK,15482,17/01/26 18:10:01
USA,14720,17/01/26 10:10:01
Total Players,44540,17/01/26 17:12:01
Germany,13370,17/01/26 19:12:01
UK,15502,17/01/26 18:12:01
USA,14698,17/01/26 10:12:01
Total Players,44681,17/01/26 17:14:01
Germany,13379,17/01/26 19:14:01
UK,15595,17/01/26 18:14:01
USA,14745,17/01/26 10:14:01
Total Players,44786,17/01/26 17:16:01
Germany,13418,17/01/26 19:16:01
UK,15665,17/01/26 18:16:01
USA,14734,17/01/26 10:16:01
Total Players,45043,17/01/26 17:18:01
Germany,13550,17/01/26 19:18:01
UK,15710,17/01/26 18:18:01
USA,14823,17/01/26 10:18:01
Total Players,45093,17/01/26 17:20:01
Germany,13588,17/01/26 19:20:01
UK,15704,17/01/26 18:20:01
USA,14835,17/01/26 10:20:01
Total Players,45132,17/01/26 17:22:01
Germany,13542,17/01/26 19:22:01
UK,15746,17/01/26 18:22:01
USA,14881,17/01/26 10:22:01
Total Players,45323,17/01/26 17:24:01
Germany,13581,17/01/26 19:24:01
UK,15808,17/01/26 18:24:01
USA,14974,17/01/26 10:24:01
Total Players,45460,17/01/26 17:26:01
Germany,13656,17/01/26 19:26:01
UK,15820,17/01/26 18:26:01
USA,15034,17/01/26 10:26:01
Total Players,45552,17/01/26 17:28:01
Germany,13659,17/01/26 19:28:01
UK,15879,17/01/26 18:28:01
USA,15074,17/01/26 10:28:01
Total Players,45745,17/01/26 17:30:01
Germany,13679,17/01/26 19:30:01
UK,15947,17/01/26 18:30:01
USA,15172,17/01/26 10:30:01
Total Players,45762,17/01/26 17:32:01
Germany,13707,17/01/26 19:32:01
UK,15919,17/01/26 18:32:01
USA,15200,17/01/26 10:32:01
Total Players,45958,17/01/26 17:34:01
Germany,13724,17/01/26 19:34:01
UK,16030,17/01/26 18:34:01
USA,15274,17/01/26 10:34:01
Total Players,45998,17/01/26 17:36:01
Germany,13707,17/01/26 19:36:01
UK,16036,17/01/26 18:36:01
USA,15333,17/01/26 10:36:01
Total Players,46201,17/01/26 17:38:01
Germany,13797,17/01/26 19:38:01
UK,16105,17/01/26 18:38:01
USA,15375,17/01/26 10:38:01
Total Players,46306,17/01/26 17:40:01
Germany,13833,17/01/26 19:40:01
UK,16128,17/01/26 18:40:01
USA,15410,17/01/26 10:40:01
Total Players,46459,17/01/26 17:42:01
Germany,13880,17/01/26 19:42:01
UK,16211,17/01/26 18:42:01
USA,15436,17/01/26 10:42:01
Total Players,46571,17/01/26 17:44:02
Germany,13923,17/01/26 19:44:02
UK,16248,17/01/26 18:44:02
USA,15476,17/01/26 10:44:02
Total Players,46687,17/01/26 17:46:01
Germany,13961,17/01/26 19:46:01
UK,16341,17/01/26 18:46:01
USA,15464,17/01/26 10:46:01
Total Players,46746,17/01/26 17:48:01
Germany,13953,17/01/26 19:48:01
UK,16384,17/01/26 18:48:01
USA,15478,17/01/26 10:48:01
Total Players,46949,17/01/26 17:50:01
Germany,14004,17/01/26 19:50:01
UK,16486,17/01/26 18:50:01
USA,15521,17/01/26 10:50:01
Total Players,47199,17/01/26 17:52:01
Germany,14038,17/01/26 19:52:01
UK,16591,17/01/26 18:52:01
USA,15631,17/01/26 10:52:01
Total Players,47276,17/01/26 17:54:01
Germany,14111,17/01/26 19:54:01
UK,16595,17/01/26 18:54:01
USA,15640,17/01/26 10:54:01
Total Players,47324,17/01/26 17:56:01
Germany,14109,17/01/26 19:56:01
UK,16625,17/01/26 18:56:01
USA,15659,17/01/26 10:56:01
Total Players,47474,17/01/26 17:58:02
Germany,14140,17/01/26 19:58:02
UK,16613,17/01/26 18:58:02
USA,15818,17/01/26 10:58:02
Total Players,47576,17/01/26 18:00:01
Germany,14188,17/01/26 20:00:01
UK,16658,17/01/26 19:00:01
USA,15827,17/01/26 11:00:01
Total Players,47691,17/01/26 18:02:01
Germany,14207,17/01/26 20:02:01
UK,16656,17/01/26 19:02:01
USA,15933,17/01/26 11:02:01
Total Players,47728,17/01/26 18:04:01
Germany,14182,17/01/26 20:04:01
UK,16708,17/01/26 19:04:01
USA,15928,17/01/26 11:04:01
Total Players,47831,17/01/26 18:06:01
Germany,14200,17/01/26 20:06:01
UK,16785,17/01/26 19:06:01
USA,15945,17/01/26 11:06:01
Total Players,47960,17/01/26 18:08:01
Germany,14213,17/01/26 20:08:01
UK,16875,17/01/26 19:08:01
USA,15962,17/01/26 11:08:01
Total Players,47997,17/01/26 18:10:01
Germany,14240,17/01/26 20:10:01
UK,16876,17/01/26 19:10:01
USA,15972,17/01/26 11:10:01
Total Players,47967,17/01/26 18:12:01
Germany,14283,17/01/26 20:12:01
UK,16851,17/01/26 19:12:01
USA,15929,17/01/26 11:12:01
Total Players,48035,17/01/26 18:14:01
Germany,14253,17/01/26 20:14:01
UK,16840,17/01/26 19:14:01
USA,16038,17/01/26 11:14:01
Total Players,48211,17/01/26 18:16:01
Germany,14295,17/01/26 20:16:01
UK,16895,17/01/26 19:16:01
USA,16118,17/01/26 11:16:01
Total Players,48451,17/01/26 18:18:01
Germany,14353,17/01/26 20:18:01
UK,17020,17/01/26 19:18:01
USA,16190,17/01/26 11:18:01
Total Players,48556,17/01/26 18:20:01
Germany,14406,17/01/26 20:20:01
UK,17097,17/01/26 19:20:01
USA,16172,17/01/26 11:20:01
Total Players,48793,17/01/26 18:22:01
Germany,14439,17/01/26 20:22:01
UK,17172,17/01/26 19:22:01
USA,16307,17/01/26 11:22:01
Total Players,48825,17/01/26 18:24:01
Germany,14472,17/01/26 20:24:01
UK,17218,17/01/26 19:24:01
USA,16274,17/01/26 11:24:01
Total Players,48909,17/01/26 18:26:01
Germany,14454,17/01/26 20:26:01
UK,17199,17/01/26 19:26:01
USA,16431,17/01/26 11:26:01
Total Players,49118,17/01/26 18:28:01
Germany,14547,17/01/26 20:28:01
UK,17275,17/01/26 19:28:01
USA,16471,17/01/26 11:28:01
Total Players,49184,17/01/26 18:30:01
Germany,14593,17/01/26 20:30:01
UK,17196,17/01/26 19:30:01
USA,16573,17/01/26 11:30:01
Total Players,49265,17/01/26 18:32:01
Germany,14611,17/01/26 20:32:01
UK,17257,17/01/26 19:32:01
USA,16573,17/01/26 11:32:01
Total Players,49345,17/01/26 18:34:01
Germany,14613,17/01/26 20:34:01
UK,17315,17/01/26 19:34:01
USA,16590,17/01/26 11:34:01
Total Players,49466,17/01/26 18:36:01
Germany,14641,17/01/26 20:36:01
UK,17334,17/01/26 19:36:01
USA,16652,17/01/26 11:36:01
Total Players,49542,17/01/26 18:38:01
Germany,14740,17/01/26 20:38:01
UK,17294,17/01/26 19:38:01
USA,16652,17/01/26 11:38:01
Total Players,49632,17/01/26 18:40:01
Germany,14785,17/01/26 20:40:01
UK,17307,17/01/26 19:40:01
USA,16709,17/01/26 11:40:01
Total Players,49618,17/01/26 18:42:01
Germany,14776,17/01/26 20:42:01
UK,17366,17/01/26 19:42:01
USA,16643,17/01/26 11:42:01
Total Players,49754,17/01/26 18:44:01
Germany,14799,17/01/26 20:44:01
UK,17394,17/01/26 19:44:01
USA,16732,17/01/26 11:44:01
Total Players,49788,17/01/26 18:46:01
Germany,14812,17/01/26 20:46:01
UK,17425,17/01/26 19:46:01
USA,16724,17/01/26 11:46:01
Total Players,49901,17/01/26 18:48:01
Germany,14882,17/01/26 20:48:01
UK,17504,17/01/26 19:48:01
USA,16680,17/01/26 11:48:01
Total Players,50029,17/01/26 18:50:01
Germany,14898,17/01/26 20:50:01
UK,17507,17/01/26 19:50:01
USA,16809,17/01/26 11:50:01
Total Players,50255,17/01/26 18:52:01
Germany,14947,17/01/26 20:52:01
UK,17594,17/01/26 19:52:01
USA,16891,17/01/26 11:52:01
Total Players,50443,17/01/26 18:54:01
Germany,15003,17/01/26 20:54:01
UK,17663,17/01/26 19:54:01
USA,16945,17/01/26 11:54:01
Total Players,50605,17/01/26 18:56:01
Germany,15124,17/01/26 20:56:01
UK,17686,17/01/26 19:56:01
USA,16973,17/01/26 11:56:01
Total Players,50240,17/01/26 18:58:01
Germany,14913,17/01/26 20:58:01
UK,17609,17/01/26 19:58:01
USA,16894,17/01/26 11:58:01
Total Players,50283,17/01/26 19:00:01
Germany,14946,17/01/26 21:00:01
UK,17540,17/01/26 20:00:01
USA,16968,17/01/26 12:00:01
Total Players,50357,17/01/26 19:02:01
Germany,14953,17/01/26 21:02:01
UK,17584,17/01/26 20:02:01
USA,16987,17/01/26 12:02:01
Total Players,50401,17/01/26 19:04:01
Germany,14959,17/01/26 21:04:01
UK,17545,17/01/26 20:04:01
USA,17079,17/01/26 12:04:01
Total Players,50572,17/01/26 19:06:01
Germany,15030,17/01/26 21:06:01
UK,17636,17/01/26 20:06:01
USA,17088,17/01/26 12:06:01
Total Players,50652,17/01/26 19:08:01
Germany,15063,17/01/26 21:08:01
UK,17686,17/01/26 20:08:01
USA,17082,17/01/26 12:08:01
Total Players,50747,17/01/26 19:10:01
Germany,15088,17/01/26 21:10:01
UK,17696,17/01/26 20:10:01
USA,17147,17/01/26 12:10:01
Total Players,50917,17/01/26 19:12:01
Germany,15130,17/01/26 21:12:01
UK,17772,17/01/26 20:12:01
USA,17224,17/01/26 12:12:01
Total Players,50930,17/01/26 19:14:01
Germany,15026,17/01/26 21:14:01
UK,17834,17/01/26 20:14:01
USA,17293,17/01/26 12:14:01
Total Players,50902,17/01/26 19:16:01
Germany,14987,17/01/26 21:16:01
UK,17784,17/01/26 20:16:01
USA,17343,17/01/26 12:16:01
Total Players,50928,17/01/26 19:18:01
Germany,15055,17/01/26 21:18:01
UK,17751,17/01/26 20:18:01
USA,17353,17/01/26 12:18:01
Total Players,51022,17/01/26 19:20:01
Germany,15075,17/01/26 21:20:01
UK,17742,17/01/26 20:20:01
USA,17404,17/01/26 12:20:01
Total Players,51073,17/01/26 19:22:01
Germany,15071,17/01/26 21:22:01
UK,17759,17/01/26 20:22:01
USA,17454,17/01/26 12:22:01
Total Players,51153,17/01/26 19:24:01
Germany,15137,17/01/26 21:24:01
UK,17742,17/01/26 20:24:01
USA,17493,17/01/26 12:24:01
Total Players,51267,17/01/26 19:26:01
Germany,15107,17/01/26 21:26:01
UK,17856,17/01/26 20:26:01
USA,17507,17/01/26 12:26:01
Total Players,51424,17/01/26 19:28:01
Germany,15139,17/01/26 21:28:01
UK,17913,17/01/26 20:28:01
USA,17601,17/01/26 12:28:01
Total Players,51467,17/01/26 19:30:01
Germany,15159,17/01/26 21:30:01
UK,17910,17/01/26 20:30:01
USA,17647,17/01/26 12:30:01
Total Players,51584,17/01/26 19:32:02
Germany,15293,17/01/26 21:32:02
UK,17899,17/01/26 20:32:02
USA,17652,17/01/26 12:32:02
Total Players,51750,17/01/26 19:34:01
Germany,15349,17/01/26 21:34:01
UK,17968,17/01/26 20:34:01
USA,17687,17/01/26 12:34:01
Total Players,51746,17/01/26 19:36:01
Germany,15376,17/01/26 21:36:01
UK,17959,17/01/26 20:36:01
USA,17650,17/01/26 12:36:01
Total Players,51794,17/01/26 19:38:01
Germany,15362,17/01/26 21:38:01
UK,18001,17/01/26 20:38:01
USA,17668,17/01/26 12:38:01
Total Players,51816,17/01/26 19:40:01
Germany,15369,17/01/26 21:40:01
UK,18010,17/01/26 20:40:01
USA,17678,17/01/26 12:40:01
Total Players,51866,17/01/26 19:42:01
Germany,15377,17/01/26 21:42:01
UK,18025,17/01/26 20:42:01
USA,17697,17/01/26 12:42:01
Total Players,51977,17/01/26 19:44:01
Germany,15404,17/01/26 21:44:01
UK,18126,17/01/26 20:44:01
USA,17679,17/01/26 12:44:01
Total Players,51946,17/01/26 19:46:01
Germany,15385,17/01/26 21:46:01
UK,18082,17/01/26 20:46:01
USA,17707,17/01/26 12:46:01
Total Players,51940,17/01/26 19:48:01
Germany,15400,17/01/26 21:48:01
UK,18114,17/01/26 20:48:01
USA,17648,17/01/26 12:48:01
Total Players,51929,17/01/26 19:50:01
Germany,15432,17/01/26 21:50:01
UK,18139,17/01/26 20:50:01
USA,17583,17/01/26 12:50:01
Total Players,51847,17/01/26 19:52:01
Germany,15433,17/01/26 21:52:01
UK,18060,17/01/26 20:52:01
USA,17577,17/01/26 12:52:01
Total Players,51931,17/01/26 19:54:01
Germany,15456,17/01/26 21:54:01
UK,18125,17/01/26 20:54:01
USA,17585,17/01/26 12:54:01
Total Players,52137,17/01/26 19:56:01
Germany,15543,17/01/26 21:56:01
UK,18157,17/01/26 20:56:01
USA,17674,17/01/26 12:56:01
Total Players,52155,17/01/26 19:58:01
Germany,15560,17/01/26 21:58:01
UK,18175,17/01/26 20:58:01
USA,17646,17/01/26 12:58:01
Total Players,52203,17/01/26 20:00:01
Germany,15574,17/01/26 22:00:01
UK,18170,17/01/26 21:00:01
USA,17702,17/01/26 13:00:01
Total Players,52281,17/01/26 20:02:01
Germany,15577,17/01/26 22:02:01
UK,18207,17/01/26 21:02:01
USA,17735,17/01/26 13:02:01
Total Players,52337,17/01/26 20:04:01
Germany,15571,17/01/26 22:04:01
UK,18250,17/01/26 21:04:01
USA,17757,17/01/26 13:04:01
Total Players,52410,17/01/26 20:06:01
Germany,15617,17/01/26 22:06:01
UK,18203,17/01/26 21:06:01
USA,17820,17/01/26 13:06:01
Total Players,52670,17/01/26 20:08:01
Germany,15661,17/01/26 22:08:01
UK,18309,17/01/26 21:08:01
USA,17947,17/01/26 13:08:01
Total Players,52643,17/01/26 20:10:02
Germany,15686,17/01/26 22:10:02
UK,18289,17/01/26 21:10:02
USA,17918,17/01/26 13:10:02
Total Players,52699,17/01/26 20:12:01
Germany,15706,17/01/26 22:12:01
UK,18365,17/01/26 21:12:01
USA,17876,17/01/26 13:12:01
Total Players,52939,17/01/26 20:14:01
Germany,15774,17/01/26 22:14:01
UK,18438,17/01/26 21:14:01
USA,17984,17/01/26 13:14:01
Total Players,53008,17/01/26 20:16:01
Germany,15757,17/01/26 22:16:01
UK,18548,17/01/26 21:16:01
USA,17947,17/01/26 13:16:01
Total Players,53068,17/01/26 20:18:01
Germany,15776,17/01/26 22:18:01
UK,18566,17/01/26 21:18:01
USA,17969,17/01/26 13:18:01
Total Players,53117,17/01/26 20:20:01
Germany,15789,17/01/26 22:20:01
UK,18617,17/01/26 21:20:01
USA,17945,17/01/26 13:20:01
Total Players,53232,17/01/26 20:22:01
Germany,15820,17/01/26 22:22:01
UK,18678,17/01/26 21:22:01
USA,17977,17/01/26 13:22:01
Total Players,53255,17/01/26 20:24:01
Germany,15811,17/01/26 22:24:01
UK,18643,17/01/26 21:24:01
USA,18060,17/01/26 13:24:01
Total Players,53384,17/01/26 20:26:01
Germany,15866,17/01/26 22:26:01
UK,18658,17/01/26 21:26:01
USA,18124,17/01/26 13:26:01
Total Players,53477,17/01/26 20:28:01
Germany,15891,17/01/26 22:28:01
UK,18730,17/01/26 21:28:01
USA,18116,17/01/26 13:28:01
Total Players,53559,17/01/26 20:30:01
Germany,15904,17/01/26 22:30:01
UK,18739,17/01/26 21:30:01
USA,18149,17/01/26 13:30:01
Total Players,53637,17/01/26 20:32:01
Germany,15926,17/01/26 22:32:01
UK,18789,17/01/26 21:32:01
USA,18149,17/01/26 13:32:01
Total Players,53670,17/01/26 20:34:01
Germany,15937,17/01/26 22:34:01
UK,18819,17/01/26 21:34:01
USA,18152,17/01/26 13:34:01
Total Players,53506,17/01/26 20:36:01
Germany,15862,17/01/26 22:36:01
UK,18793,17/01/26 21:36:01
USA,18086,17/01/26 13:36:01
Total Players,53318,17/01/26 20:38:01
Germany,15796,17/01/26 22:38:01
UK,18781,17/01/26 21:38:01
USA,17992,17/01/26 13:38:01
Total Players,53201,17/01/26 20:40:01
Germany,15763,17/01/26 22:40:01
UK,18653,17/01/26 21:40:01
USA,18040,17/01/26 13:40:01
Total Players,53190,17/01/26 20:42:01
Germany,15739,17/01/26 22:42:01
UK,18628,17/01/26 21:42:01
USA,18071,17/01/26 13:42:01
Total Players,53118,17/01/26 20:44:01
Germany,15730,17/01/26 22:44:01
UK,18578,17/01/26 21:44:01
USA,18056,17/01/26 13:44:01
Total Players,53232,17/01/26 20:46:01
Germany,15696,17/01/26 22:46:01
UK,18656,17/01/26 21:46:01
USA,18156,17/01/26 13:46:01
Total Players,53180,17/01/26 20:48:01
Germany,15718,17/01/26 22:48:01
UK,18637,17/01/26 21:48:01
USA,18083,17/01/26 13:48:01
Total Players,53109,17/01/26 20:50:01
Germany,15674,17/01/26 22:50:01
UK,18570,17/01/26 21:50:01
USA,18141,17/01/26 13:50:01
Total Players,53194,17/01/26 20:52:01
Germany,15701,17/01/26 22:52:01
UK,18626,17/01/26 21:52:01
USA,18139,17/01/26 13:52:01
Total Players,53307,17/01/26 20:54:01
Germany,15714,17/01/26 22:54:01
UK,18659,17/01/26 21:54:01
USA,18186,17/01/26 13:54:01
Total Players,53401,17/01/26 20:56:01
Germany,15776,17/01/26 22:56:01
UK,18629,17/01/26 21:56:01
USA,18249,17/01/26 13:56:01
Total Players,53473,17/01/26 20:58:01
Germany,15704,17/01/26 22:58:01
UK,18640,17/01/26 21:58:01
USA,18404,17/01/26 13:58:01
Total Players,53543,17/01/26 21:00:02
Germany,15717,17/01/26 23:00:02
UK,18666,17/01/26 22:00:02
USA,18443,17/01/26 14:00:02
Total Players,53641,17/01/26 21:02:01
Germany,15738,17/01/26 23:02:01
UK,18779,17/01/26 22:02:01
USA,18398,17/01/26 14:02:01
Total Players,53745,17/01/26 21:04:01
Germany,15780,17/01/26 23:04:01
UK,18773,17/01/26 22:04:01
USA,18452,17/01/26 14:04:01
Total Players,53875,17/01/26 21:06:01
Germany,15852,17/01/26 23:06:01
UK,18840,17/01/26 22:06:01
USA,18452,17/01/26 14:06:01
Total Players,53942,17/01/26 21:08:01
Germany,15787,17/01/26 23:08:01
UK,18989,17/01/26 22:08:01
USA,18437,17/01/26 14:08:01
Total Players,53888,17/01/26 21:10:01
Germany,15717,17/01/26 23:10:01
UK,18949,17/01/26 22:10:01
USA,18487,17/01/26 14:10:01
Total Players,53951,17/01/26 21:12:01
Germany,15725,17/01/26 23:12:01
UK,18954,17/01/26 22:12:01
USA,18547,17/01/26 14:12:01
Total Players,53837,17/01/26 21:14:01
Germany,15743,17/01/26 23:14:01
UK,18904,17/01/26 22:14:01
USA,18480,17/01/26 14:14:01
Total Players,53849,17/01/26 21:16:01
Germany,15715,17/01/26 23:16:01
UK,18896,17/01/26 22:16:01
USA,18518,17/01/26 14:16:01
Total Players,53953,17/01/26 21:18:01
Germany,15699,17/01/26 23:18:01
UK,18959,17/01/26 22:18:01
USA,18589,17/01/26 14:18:01
Total Players,54056,17/01/26 21:20:01
Germany,15717,17/01/26 23:20:01
UK,18946,17/01/26 22:20:01
USA,18734,17/01/26 14:20:01
Total Players,54107,17/01/26 21:22:01
Germany,15670,17/01/26 23:22:01
UK,19001,17/01/26 22:22:01
USA,18785,17/01/26 14:22:01
Total Players,54156,17/01/26 21:24:01
Germany,15683,17/01/26 23:24:01
UK,19001,17/01/26 22:24:01
USA,18828,17/01/26 14:24:01
Total Players,54243,17/01/26 21:26:01
Germany,15663,17/01/26 23:26:01
UK,19024,17/01/26 22:26:01
USA,18907,17/01/26 14:26:01
Total Players,54290,17/01/26 21:28:01
Germany,15767,17/01/26 23:28:01
UK,19073,17/01/26 22:28:01
USA,18800,17/01/26 14:28:01
Total Players,54303,17/01/26 21:30:01
Germany,15790,17/01/26 23:30:01
UK,19086,17/01/26 22:30:01
USA,18793,17/01/26 14:30:01
Total Players,54351,17/01/26 21:32:01
Germany,15810,17/01/26 23:32:01
UK,19040,17/01/26 22:32:01
USA,18862,17/01/26 14:32:01
Total Players,54343,17/01/26 21:34:01
Germany,15749,17/01/26 23:34:01
UK,19057,17/01/26 22:34:01
USA,18895,17/01/26 14:34:01
Total Players,54387,17/01/26 21:36:01
Germany,15719,17/01/26 23:36:01
UK,19136,17/01/26 22:36:01
USA,18883,17/01/26 14:36:01
Total Players,54404,17/01/26 21:38:01
Germany,15808,17/01/26 23:38:01
UK,19035,17/01/26 22:38:01
USA,18926,17/01/26 14:38:01
Total Players,54409,17/01/26 21:40:01
Germany,15790,17/01/26 23:40:01
UK,19009,17/01/26 22:40:01
USA,18970,17/01/26 14:40:01
Total Players,54330,17/01/26 21:42:01
Germany,15711,17/01/26 23:42:01
UK,18997,17/01/26 22:42:01
USA,18944,17/01/26 14:42:01
Total Players,54314,17/01/26 21:44:01
Germany,15755,17/01/26 23:44:01
UK,18929,17/01/26 22:44:01
USA,18948,17/01/26 14:44:01
Total Players,54334,17/01/26 21:46:01
Germany,15884,17/01/26 23:46:01
UK,18881,17/01/26 22:46:01
USA,18882,17/01/26 14:46:01
Total Players,54377,17/01/26 21:48:01
Germany,15892,17/01/26 23:48:01
UK,18896,17/01/26 22:48:01
USA,18908,17/01/26 14:48:01
Total Players,54244,17/01/26 21:50:01
Germany,15879,17/01/26 23:50:01
UK,18792,17/01/26 22:50:01
USA,18905,17/01/26 14:50:01
Total Players,54029,17/01/26 21:52:01
Germany,15785,17/01/26 23:52:01
UK,18790,17/01/26 22:52:01
USA,18786,17/01/26 14:52:01
Total Players,53982,17/01/26 21:54:01
Germany,15770,17/01/26 23:54:01
UK,18798,17/01/26 22:54:01
USA,18737,17/01/26 14:54:01
Total Players,54128,17/01/26 21:56:01
Germany,15791,17/01/26 23:56:01
UK,18860,17/01/26 22:56:01
USA,18809,17/01/26 14:56:01
Total Players,54179,17/01/26 21:58:01
Germany,15720,17/01/26 23:58:01
UK,18901,17/01/26 22:58:01
USA,18915,17/01/26 14:58:01
Total Players,54166,17/01/26 22:00:01
Germany,15711,17/01/27 00:00:01
UK,18863,17/01/26 23:00:01
USA,18939,17/01/26 15:00:01
Total Players,54085,17/01/26 22:02:01
Germany,15674,17/01/27 00:02:01
UK,18797,17/01/26 23:02:01
USA,18969,17/01/26 15:02:01
Total Players,54024,17/01/26 22:04:01
Germany,15588,17/01/27 00:04:01
UK,18779,17/01/26 23:04:01
USA,19017,17/01/26 15:04:01
Total Players,53954,17/01/26 22:06:01
Germany,15626,17/01/27 00:06:01
UK,18735,17/01/26 23:06:01
USA,18927,17/01/26 15:06:01
Total Players,53940,17/01/26 22:08:01
Germany,15658,17/01/27 00:08:01
UK,18665,17/01/26 23:08:01
USA,18954,17/01/26 15:08:01
Total Players,53865,17/01/26 22:10:01
Germany,15598,17/01/27 00:10:01
UK,18665,17/01/26 23:10:01
USA,18955,17/01/26 15:10:01
Total Players,53754,17/01/26 22:12:01
Germany,15558,17/01/27 00:12:01
UK,18655,17/01/26 23:12:01
USA,18874,17/01/26 15:12:01
Total Players,53801,17/01/26 22:14:01
Germany,15603,17/01/27 00:14:01
UK,18683,17/01/26 23:14:01
USA,18832,17/01/26 15:14:01
Total Players,53641,17/01/26 22:16:01
Germany,15489,17/01/27 00:16:01
UK,18645,17/01/26 23:16:01
USA,18812,17/01/26 15:16:01
Total Players,53621,17/01/26 22:18:01
Germany,15448,17/01/27 00:18:01
UK,18660,17/01/26 23:18:01
USA,18834,17/01/26 15:18:01
Total Players,53496,17/01/26 22:20:01
Germany,15446,17/01/27 00:20:01
UK,18543,17/01/26 23:20:01
USA,18830,17/01/26 15:20:01
Total Players,53424,17/01/26 22:22:01
Germany,15391,17/01/27 00:22:01
UK,18598,17/01/26 23:22:01
USA,18758,17/01/26 15:22:01
Total Players,53315,17/01/26 22:24:01
Germany,15323,17/01/27 00:24:01
UK,18564,17/01/26 23:24:01
USA,18747,17/01/26 15:24:01
Total Players,53214,17/01/26 22:26:01
Germany,15277,17/01/27 00:26:01
UK,18459,17/01/26 23:26:01
USA,18783,17/01/26 15:26:01
Total Players,53128,17/01/26 22:28:01
Germany,15173,17/01/27 00:28:01
UK,18442,17/01/26 23:28:01
USA,18823,17/01/26 15:28:01
Total Players,53144,17/01/26 22:30:01
Germany,15154,17/01/27 00:30:01
UK,18457,17/01/26 23:30:01
USA,18863,17/01/26 15:30:01
Total Players,53103,17/01/26 22:32:01
Germany,15168,17/01/27 00:32:01
UK,18479,17/01/26 23:32:01
USA,18772,17/01/26 15:32:01
Total Players,52983,17/01/26 22:34:01
Germany,15120,17/01/27 00:34:01
UK,18363,17/01/26 23:34:01
USA,18792,17/01/26 15:34:01
Total Players,52870,17/01/26 22:36:01
Germany,15090,17/01/27 00:36:01
UK,18232,17/01/26 23:36:01
USA,18839,17/01/26 15:36:01
Total Players,52828,17/01/26 22:38:01
Germany,15078,17/01/27 00:38:01
UK,18236,17/01/26 23:38:01
USA,18814,17/01/26 15:38:01
Total Players,52781,17/01/26 22:40:01
Germany,15033,17/01/27 00:40:01
UK,18193,17/01/26 23:40:01
USA,18860,17/01/26 15:40:01
Total Players,52594,17/01/26 22:42:01
Germany,14969,17/01/27 00:42:01
UK,18197,17/01/26 23:42:01
USA,18744,17/01/26 15:42:01
Total Players,52554,17/01/26 22:44:01
Germany,14940,17/01/27 00:44:01
UK,18191,17/01/26 23:44:01
USA,18733,17/01/26 15:44:01
Total Players,52636,17/01/26 22:46:01
Germany,14877,17/01/27 00:46:01
UK,18233,17/01/26 23:46:01
USA,18834,17/01/26 15:46:01
Total Players,52413,17/01/26 22:48:01
Germany,14807,17/01/27 00:48:01
UK,18152,17/01/26 23:48:01
USA,18764,17/01/26 15:48:01
Total Players,52232,17/01/26 22:50:01
Germany,14792,17/01/27 00:50:01
UK,17994,17/01/26 23:50:01
USA,18758,17/01/26 15:50:01
Total Players,52237,17/01/26 22:52:01
Germany,14818,17/01/27 00:52:01
UK,17868,17/01/26 23:52:01
USA,18858,17/01/26 15:52:01
Total Players,52083,17/01/26 22:54:01
Germany,14751,17/01/27 00:54:01
UK,17857,17/01/26 23:54:01
USA,18763,17/01/26 15:54:01
Total Players,51947,17/01/26 22:56:01
Germany,14682,17/01/27 00:56:01
UK,17772,17/01/26 23:56:01
USA,18774,17/01/26 15:56:01
Total Players,51737,17/01/26 22:58:01
Germany,14643,17/01/27 00:58:01
UK,17646,17/01/26 23:58:01
USA,18744,17/01/26 15:58:01
Total Players,51390,17/01/26 23:00:01
Germany,14504,17/01/27 01:00:01
UK,17557,17/01/27 00:00:01
USA,18611,17/01/26 16:00:01
Total Players,51106,17/01/26 23:02:01
Germany,14466,17/01/27 01:02:01
UK,17368,17/01/27 00:02:01
USA,18559,17/01/26 16:02:01
Total Players,51073,17/01/26 23:04:01
Germany,14502,17/01/27 01:04:01
UK,17360,17/01/27 00:04:01
USA,18477,17/01/26 16:04:01
Total Players,51132,17/01/26 23:06:01
Germany,14555,17/01/27 01:06:01
UK,17255,17/01/27 00:06:01
USA,18599,17/01/26 16:06:01
Total Players,51225,17/01/26 23:08:01
Germany,14526,17/01/27 01:08:01
UK,17252,17/01/27 00:08:01
USA,18700,17/01/26 16:08:01
Total Players,51169,17/01/26 23:10:01
Germany,14470,17/01/27 01:10:01
UK,17255,17/01/27 00:10:01
USA,18688,17/01/26 16:10:01
Total Players,51047,17/01/26 23:12:01
Germany,14404,17/01/27 01:12:01
UK,17322,17/01/27 00:12:01
USA,18560,17/01/26 16:12:01
Total Players,50947,17/01/26 23:14:01
Germany,14341,17/01/27 01:14:01
UK,17313,17/01/27 00:14:01
USA,18515,17/01/26 16:14:01
Total Players,51004,17/01/26 23:16:01
Germany,14353,17/01/27 01:16:01
UK,17352,17/01/27 00:16:01
USA,18532,17/01/26 16:16:01
Total Players,50882,17/01/26 23:18:01
Germany,14393,17/01/27 01:18:01
UK,17183,17/01/27 00:18:01
USA,18515,17/01/26 16:18:01
Total Players,50755,17/01/26 23:20:01
Germany,14379,17/01/27 01:20:01
UK,17093,17/01/27 00:20:01
USA,19283,17/01/26 16:20:01
Total Players,50666,17/01/26 23:22:01
Germany,14355,17/01/27 01:22:01
UK,17068,17/01/27 00:22:01
USA,18466,17/01/26 16:22:01
Total Players,50646,17/01/26 23:24:01
Germany,14303,17/01/27 01:24:01
UK,17038,17/01/27 00:24:01
USA,18532,17/01/26 16:24:01
Total Players,50573,17/01/26 23:26:01
Germany,14316,17/01/27 01:26:01
UK,16921,17/01/27 00:26:01
USA,19336,17/01/26 16:26:01
Total Players,50665,17/01/26 23:28:01
Germany,14469,17/01/27 01:28:01
UK,16846,17/01/27 00:28:01
USA,18591,17/01/26 16:28:01
Total Players,50523,17/01/26 23:30:01
Germany,14420,17/01/27 01:30:01
UK,16794,17/01/27 00:30:01
USA,18558,17/01/26 16:30:01
Total Players,50483,17/01/26 23:32:01
Germany,14351,17/01/27 01:32:01
UK,16795,17/01/27 00:32:01
USA,18577,17/01/26 16:32:01
Total Players,50335,17/01/26 23:34:01
Germany,14333,17/01/27 01:34:01
UK,16757,17/01/27 00:34:01
USA,18485,17/01/26 16:34:01
Total Players,50221,17/01/26 23:36:01
Germany,14273,17/01/27 01:36:01
UK,16677,17/01/27 00:36:01
USA,18504,17/01/26 16:36:01
Total Players,50079,17/01/26 23:38:01
Germany,14204,17/01/27 01:38:01
UK,16604,17/01/27 00:38:01
USA,18483,17/01/26 16:38:01
Total Players,49927,17/01/26 23:40:01
Germany,14126,17/01/27 01:40:01
UK,16458,17/01/27 00:40:01
USA,18550,17/01/26 16:40:01
Total Players,49869,17/01/26 23:42:01
Germany,14076,17/01/27 01:42:01
UK,16450,17/01/27 00:42:01
USA,18555,17/01/26 16:42:01
Total Players,49390,17/01/26 23:44:01
Germany,13928,17/01/27 01:44:01
UK,16277,17/01/27 00:44:01
USA,18403,17/01/26 16:44:01
Total Players,49564,17/01/26 23:46:01
Germany,13934,17/01/27 01:46:01
UK,16344,17/01/27 00:46:01
USA,18501,17/01/26 16:46:01
Total Players,49530,17/01/26 23:48:01
Germany,13892,17/01/27 01:48:01
UK,16340,17/01/27 00:48:01
USA,18511,17/01/26 16:48:01
Total Players,49412,17/01/26 23:50:01
Germany,13819,17/01/27 01:50:01
UK,16317,17/01/27 00:50:01
USA,18488,17/01/26 16:50:01
Total Players,49233,17/01/26 23:52:01
Germany,13732,17/01/27 01:52:01
UK,16254,17/01/27 00:52:01
USA,18458,17/01/26 16:52:01
Total Players,49122,17/01/26 23:54:01
Germany,13608,17/01/27 01:54:01
UK,16258,17/01/27 00:54:01
USA,18471,17/01/26 16:54:01
Total Players,49164,17/01/26 23:56:01
Germany,13630,17/01/27 01:56:01
UK,16272,17/01/27 00:56:01
USA,18487,17/01/26 16:56:01
Total Players,49165,17/01/26 23:58:01
Germany,13542,17/01/27 01:58:01
UK,16292,17/01/27 00:58:01
USA,18561,17/01/26 16:58:01
